anciennete_mois,facture_moyenne,nb_reclamations_12m,nb_appels_support_3m,satisfaction,nb_options,freq_portail_mois,variation_facture_3m,delai_resolution_incident_h,score_fidelite,region,mode_paiement,churn
94,103.768186,8,22,2.95,0,28,11.65,54.89,38,Est,carte,0
60,200.561122,3,19,5.99,10,"31,00",-5.83,62.04,62,Sud,virement,0
95,178.774419,12,9,7.34,10,26,55.82,30.33,28,Sud,prelevement,0
51,93.216391,13,3,7.12,1,9,62.1,7.58,81,Ouest,virement,0
55,59.484766,10,11,5.28,9,2,8.98,26.54,94,Nord,prelevement,0
36,128.587991,15,1,3.57,0,17,-27.47,30.26,29,Sud,prelevement,0
40,196.063388,3,21,9.09,6,3,73.55,70.1,46,Est,carte,0
94,188.481475,7,3,3.79,3,40,8.0,86.7,55,Nord,carte,0
9,117.400403,0,12,9.21,9,5,64.33,55.94,94,Est,virement,0
54,40.711551,9,14,1.18,2,13,56.25,72.87,28,Nord,virement,0
95,60.866215,16,20,2.21,3,14,73.76,91.94,11,Nord,prelevement,1
36,164.474251,3,21,3.23,0,12,-6.39,9.67,52,Nord,virement,0
52,169.941235,11,13,5.75,2,42,18.7,33.23,68,Ouest,virement,0
86,119.274559,14,2,9.66,2,42,43.12,94.76,95,Est,carte,0
23,168.040615,10,2,6.74,5,21,26.82,74.46,20,Est,prelevement,0
49,163.30466,11,4,8.46,3,41,26.55,5.78,16,Nord,carte,0
9,184.571472,13,7,8.54,9,12,26.52,8.64,50,Ouest,carte,0
38,5.731519,17,5,5.76,8,1,49.49,7.71,19,Nord,carte,0
22,93.407596,13,21,9.73,2,14,19.96,52.28,17,Nord,prelevement,0
35,161.097312,14,5,9.77,1,8,4.5,33.34,12,Est,prelevement,0
83,94.768259,1,12,9.39,4,22,-32.15,38.96,57,Est,virement,0
8,110.372433,0,19,8.28,9,31,58.38,77.61,17,Nord,prelevement,0
19,105.522563,17,3,9.92,8,14,19.88,90.47,53,Sud,carte,0
56,91.017342,6,21,2.61,3,19,66.9,30.13,51,Est,prelevement,0
31,220.265447,8,11,3.46,3,5,0.16,20.15,95,Sud,prelevement,0
83,184.580559,9,9,1.71,1,40,43.79,95.1,4,Est,prelevement,1
95,166.128941,7,15,5.79,7,17,23.06,94.12,79,Sud,prelevement,0
68,215.036905,1,20,4.6,6,1,17.94,70.81,42,Nord,prelevement,0
53,128.570538,1,4,7.33,7,16,9.46,43.58,34,Ouest,carte,0
75,84.895889,2,9,2.33,4,32,18.15,69.34,70,Sud,carte,0
5,40.574139,16,5,6.53,2,13,44.38,69.16,51,Nord,virement,0
27,143.630361,4,0,9.79,10,15,12.28,34.74,93,Ouest,carte,0
14,184.497984,14,7,6.34,8,41,42.97,18.55,75,Est,virement,0
52,144.805731,0,14,7.78,9,15,53.01,,32,Ouest,prelevement,1
14,161.394698,0,6,4.04,4,13,-32.25,87.83,59,Est,carte,0
35,96.810695,2,3,5.3,3,16,63.33,83.46,94,Nord,prelevement,0
53,140.607497,0,4,2.53,8,23,19.05,86.41,9,Nord,virement,0
69,141.704458,18,18,8.44,10,32,49.66,37.71,3,Est,virement,0
54,71.125522,9,0,6.17,4,44,55.24,41.97,61,Ouest,virement,0
7,121.054198,2,2,6.61,8,14,42.72,12.62,69,Est,virement,0
95,159.489852,17,10,1.3,4,38,20.86,32.29,19,Est,virement,0
87,118.128684,6,2,5.5,1,10,63.68,22.4,79,Ouest,prelevement,0
13,154.239075,2,3,7.08,4,4,73.93,45.68,82,Nord,prelevement,0
64,148.646444,6,14,9.98,3,35,-29.72,8.62,75,Nord,prelevement,0
62,232.483712,11,16,5.21,0,17,,39.15,22,Nord,prelevement,0
90,42.946361,7,17,6.44,7,31,36.15,95.82,25,Est,prelevement,0
94,310.855548,3,4,7.78,,16,15.53,5.51,33,Sud,virement,0
74,78.134225,3,17,6.82,1,24,70.84,46.66,24,Nord,virement,0
5,78.01946,9,21,8.07,7,38,21.31,,33,Sud,carte,0
11,108.79295,6,8,3.61,4,8,6.79,76.98,80,Est,prelevement,0
94,91.962909,14,2,3.52,0,17,73.68,76.33,40,Nord,virement,0
52,105.062064,4,19,5.17,8,14,66.83,24.0,10,Est,virement,0
31,223.95588,7,8,9.28,1,4,1.63,82.43,7,Sud,prelevement,0
55,152.7477,6,7,5.14,6,35,28.07,49.16,16,Nord,prelevement,0
17,118.814876,8,2,6.59,4,19,-13.87,51.74,4,Est,prelevement,0
39,249.062139,12,0,2.06,6,32,48.83,92.4,23,Ouest,carte,0
18,158.041478,6,12,1.55,2,41,31.11,29.54,81,Sud,prelevement,0
95,48.628732,7,6,8.8,3,1,71.11,77.37,43,Est,carte,0
29,189.297033,10,6,5.57,4,21,-11.5,3.2,37,Est,prelevement,0
6,75.433288,2,3,5.77,6,18,35.21,11.38,50,Est,virement,0
16,86.293235,8,19,9.64,10,2,64.6,83.93,40,Nord,prelevement,0
77,210.897648,8,8,3.2,10,19,45.34,63.83,35,Est,carte,1
33,183.388744,8,8,4.39,4,11,54.75,50.19,96,Sud,virement,0
15,211.097258,2,7,5.47,1,"0,00",21.52,26.74,390.11,Ouest,virement,0
70,178.378477,8,7,9.06,3,35,45.3,88.53,57,Est,carte,0
74,108.898193,4,16,6.11,5,4,59.91,7.27,39,Est,prelevement,0
72,155.559137,0,16,4.22,5,NA,-28.36,4.27,46,Est,virement,0
89,33.633151,6,18,7.2,4,28,11.37,65.58,78,Nord,prelevement,0
94,115.818629,16,18,2.77,10,25,14.62,46.47,20,Sud,carte,1
21,13.385288,2,21,2.58,6,17,12.9,37.44,61,Nord,prelevement,0
86,137.326481,17,19,7.29,2,29,74.34,75.5,40,Sud,carte,0
10,96.373749,1,12,5.75,3,41,64.82,1.69,20,Ouest,prelevement,1
12,99.058858,,17,6.28,7,29,64.27,43.38,1,Nord,prelevement,1
70,108.010531,9,14,1.38,1,24,43.35,88.06,83,Est,carte,0
18,169.753737,9,8,3.89,5,23,26.94,95.39,87,Sud,virement,0
96,0,7,0,1.91,6,36,-21.95,68.44,21,Est,carte,1
74,22.923927,7,21,5.67,5,33,55.41,37.14,46,Ouest,virement,0
22,79.074798,16,4,8.2,6,3,9.07,93.65,90,Ouest,prelevement,0
64,47.43957,9,13,7.08,9,26,20.94,36.06,92,Est,prelevement,0
76,174.766198,16,9,5.1,8,45,41.1,43.98,64,Ouest,carte,0
61,46.100883,10,2,3.37,7,24,71.73,11.8,62,Sud,carte,0
19,196.878889,13,22,1.24,5,26,-17.45,43.92,18,Ouest,carte,0
93,12.398714,17,10,1.95,7,28,30.17,56.89,75,Sud,virement,0
63,134.941166,2,1,3.63,4,28,-8.11,49.92,29,Sud,virement,0
26,67.083199,7,4,1.03,6,37,12.05,9.8,54,Est,prelevement,0
5,106.954965,0,15,8.4,9,16,22.46,88.9,95,Ouest,virement,0
57,32.604468,10,13,2.33,1,1,-8.29,26.51,64,Ouest,prelevement,0
46,133.551456,1,21,1.9,8,45,72.48,65.37,89,Nord,prelevement,0
7,46.30957,6,5,8.3,3,2,35.89,69.0,96,Ouest,virement,1
80,0,13,4,6.91,2,37,39.37,42.72,26,Est,virement,0
7,25.508378,18,12,5.49,8,24,-27.26,21.05,5,Sud,virement,0
15,96.8719,12,17,2.79,0,29,50.17,46.9,23,Nord,virement,0
46,21.416713,1,15,3.08,3,16,7.79,32.97,87,Est,prelevement,0
90,119.682379,7,19,2.28,10,20,59.41,45.19,41,Est,carte,0
80,166.886441,17,19,6.87,3,7,53.05,12.2,33,Nord,prelevement,0
59,104.190182,9,22,8.5,3,25,4.77,58.63,8,Nord,carte,0
73,42.157807,15,5,2.98,7,13,39.42,55.02,24,Sud,carte,1
7,16.441963,14,8,5.98,2,5,41.69,54.4,7,Nord,carte,0
45,31.613118,3,9,6.25,9,27,73.05,6.4,14,Sud,prelèvement,0
77,203.142082,5,16.97,7.06,4,36,51.29,69.28,16,Ouest,prelevement,0
63,126.043148,14,17,5.98,8,1,41.69,13.9,50,Ouest,prelevement,1
62,200.222384,2,7,7.26,1,16,69.43,84.33,30,Sud,carte,0
59,136.60156,5,11,9.16,5,3,27.49,52.93,24,Est,carte,0
58,180.25736,,13,2.37,5,33,27.78,52.9,27,Est,carte,1
2,10.16682,14,1,7.11,7,2,-55.25,18.79,80,Sud,virement,1
28,118.121273,8,16,9.6,7,34,49.58,17.24,56,Est,carte,0
73,174.521167,0,4,6.17,3,40,-11.33,5.42,14,Nord,virement,0
69,49.680454,9,0,9.62,10,27,22.29,52.02,60,Ouest,prelevement,0
73,219.761548,17,18,3.3,1,13,-29.09,5.96,11,Ouest,prelevement,0
79,31.730674,15,14,9.05,5,24,40.6,22.78,5,Sud,virement,0
38,39.44789,2,20,9.29,8,38,32.34,61.89,52,Est,carte,0
6,177.67591,12,20,7.89,0,44,22.58,21.04,23,Sud,prelevement,0
26,43.135232,13,10,3.89,2,3,34.92,9.84,76,Est,prelevement,0
7,135.029324,1,6,8.4,6,11,-12.07,58.18,91,Sud,prelevement,0
43,196.404157,4,12,1.78,7,27,-23.53,7.96,18,Est,prelevement,0
36,80.31026,10,20,2.37,0,33,9.7,56.16,38,Nord,virement,0
68,186.03656,15,1,2.74,8,2,54.92,83.61,55,Ouest,virement,0
51,186.589573,2,21,7.59,8,2,31.33,41.14,17,Est,virement,0
4,93.762381,15,8,2.4,0,18,-28.81,33.53,97,Sud,virement,0
24,102.619886,17,8,5.87,7,34,-18.77,14.67,9,Sud,carte,1
26,81.491488,8,0,7.19,4,3,31.93,31.41,59,Sud,virement,0
56,147.978016,18,10,1.43,10,17,6.06,"50,52",99,Ouest,virement,0
68,189.129619,3,5,4.95,0,0,9.91,82.29,90,Est,virement,0
52,64.793583,18,12,1.11,7,30,71.68,56.85,9,Sud,prelevement,1
76,42.280347,0,17,4.41,0,15,56.0,86.05,26,Nord,virement,0
6,194.766952,7,13,7.57,0,3,71.86,27.0,87,Sud,,0
94,156.422174,11,14,7.16,4,23,16.19,49.97,59,Est,prelevement,0
70,115.829732,10,3,8.41,6,22,46.59,92.91,97,Sud,carte,0
32,132.579005,17,22,5.92,5,6,-29.33,11.57,90,Ouest,prelevement,0
52,121.119731,9,17,9.17,7,34,-4.45,14.31,86,Ouest,carte,0
9,54.265918,6,15,1.9,NA,18,47.27,9.12,92,Nord,carte,0
73,42.479054,11,8,2.61,9,16,70.23,94.79,98,Ouest,prelevement,1
53,86.85494,1,17,2.91,9,19,27.88,29.32,40,Ouest,virement,1
93,150.615374,0,14,5.99,10,31,-12.14,55.88,26,Sud,carte,0
27,192.842544,18,10,6.74,7,5,0.9,70.42,41,Ouest,virement,0
56,36.040271,13,16,2.36,7,,-16.7,3.67,21,Ouest,prelevement,0
67,85.181947,18,18,7.43,4,41,8.62,33.37,33,Est,virement,0
43,206.853548,5,17,5.65,7,43,-13.02,27.55,0,Sud,carte,0
94,119.624296,13,15,5.1,1,31,-28.89,72.68,15,Ouest,carte,0
NA,196.884734,16,1,5.4,0,34,-27.25,67.01,21,Ouest,virement,0
51,145.672382,14,19,4.5,2,9,-15.71,7.44,87,Ouest,virement,0
85,183.395832,11,19,7.68,8,2,34.17,9.22,28,Sud,virement,0
2,99.797137,10,18,8.19,1,29,3.73,20.94,49,Nord,prelevement,0
88,8.618596,8,10,5.29,2,23,-16.5,42.99,3,Nord,prelevement,0
93,166.620753,9,0,9.52,9,33,-5.27,24.72,64,Est,carte,0
79,121.743768,11,12,9.91,9,32,-28.94,36.1,86,Ouest,virement,0
86,231.306908,11,16,7.62,7,20,15.08,17.75,43,Nord,prelevement,0
77,72.891808,15,12,4.95,7,39,51.12,29.18,50,Ouest,virement,0
93,224.207698,17,19,6.78,6,39,62.41,11.21,91,Est,prelevement,0
76,163.78733,3,13,9.07,8,12,-28.4,32.87,17,Est,prelevement,0
17,50.613692,3,20,3.59,1,24,18.49,90.69,81,Ouest,prelevement,0
90,123.112572,1,10,7.68,6,4,56.38,,84,Est,carte,0
35,165.879085,8,0,8.53,7,36,63.86,43.31,37,Nord,carte,0
62,15.939591,0,14,8.22,6,23,-5.47,81.23,4,Ouest,virement,0
56,198.717267,8,5,7.6,4,35,23.4,47.06,84,Nord,prelevement,0
54,168.693608,17,1,9.51,9,37,37.2,85.32,64,Sud,prelevement,0
19,84.714953,18,15,4.07,9,36,42.88,37.18,98,Nord,prelevement,1
91,180.888319,6,13,9.81,3,42,37.91,11.25,6,Sud,carte,0
28,25.555867,8,3,5.71,5,26,47.05,85.02,59,Sud,virement,1
72,114.142737,12,19,2.74,10,12,2.72,69.88,94,Est,carte,0
NA,112.778289,15,0,6.79,6,33,-14.9,10.41,95,Sud,virement,0
22,111.373887,17,15,8.04,0,16,48.05,12.57,30,Ouest,prelevement,0
41,31.508112,16,18,7.29,9,26,-31.21,24.43,22,Est,prelevement,1
13,184.514642,17,15,2.79,2,5,31.76,2.57,66,Est,carte,1
55,22.330555,0,14,6.05,1,29,-1.39,42.35,71,Sud,carte,0
70,141.809156,11,17,3.38,2,31,65.93,86.71,52,Est,prelevement,1
67,38.51617,4,1,8.0,4,13,70.6,82.29,8,Est,prelevement,0
68,179.148446,15,20,2.7,7,9,-14.57,61.61,64,Est,virement,0
51,70.297192,15,4,9.72,8,0,55.06,86.66,31,Ouest,virement,0
52,37.577857,4,17,6.13,4,8,-31.57,7.87,79,Sud,carte,0
67,78.841671,16,3,4.65,7,8,21.23,61.02,11,Est,virement,0
NA,190.414581,11,9,8.0,8,6,12.57,19.34,42,Sud,carte,0
70,81.279896,13,20,6.14,6,9,28.56,42.71,26,Ouest,prelevement,0
2,84.861949,12,14,1.25,8,16,-32.13,82.98,74,Ouest,virement,1
67,85.03539,8,15,6.81,5,7,-18.35,7.43,42,Ouest,carte,0
36,138.314868,17,9,4.08,6,16,-27.07,40.68,66,Est,virement,0
55,36.962621,14,0,7.34,0,24,8.03,93.41,34,Nord,virement,0
9,161.845975,9,20,8.66,0,3,28.4,24.86,29,Nord,virement,0
95,130.924302,13,12,7.98,9,8,50.29,21.76,87,Est,prelevement,0
6,125.657484,13,1,2.58,10,9,50.07,79.44,2,Nord,virement,0
70,0,8,5,3.65,2,18,-16.45,85.67,74,Nord,virement,0
6,197.983946,9,19,8.62,8,13,12.42,76.25,8,Nord,virement,0
51,74.283701,17,20,8.82,4,29,54.44,65.45,97,Ouest,carte,0
96,192.92216,4,12,2.59,5,2,55.95,88.62,77,Nord,prelevement,0
17,140.334705,6,10,7.9,8,24,52.19,33.92,52,Ouest,virement,0
78,199.626564,11,22,3.25,9,39,11.59,74.37,20,Est,prelevement,0
66,151.81754,1,21,1.54,6,39,14.14,25.31,17,Sud,virement,1
44,60.159611,15,3,6.67,3,8,58.12,90.77,94,Sud,virement,0
59,7.243952,18,7,4.6,3,0,39.33,85.4,94,Sud,carte,0
16,164.13575,5,6,3.6,3,38,32.42,65.5,27,Ouest,virement,0
90,57.734943,12,6,7.52,2,20,-24.03,95.24,41,Ouest,carte,0
83,225.379395,18,2,2.28,9,9,-32.17,17.94,29,Nord,virement,1
18,124.637582,2,11,9.34,10,39,-33.22,73.5,72,Ouest,carte,0
59,237.611281,4,18,1.58,3,6,-34.05,28.25,35,Nord,carte,0
80,86.414378,13,20,7.35,8,14,59.67,58.74,15,Est,carte,0
64,184.038083,12,7,7.22,0,7,9.83,56.44,3,Ouest,virement,0
44,0,1,11,2.4,10,44,-6.24,44.54,81,Ouest,prelevement,0
43,27.403717,15,15,4.83,8,35,69.04,10.07,22,Nord,virement,0
73,243.99507,12,17,3.99,1,2,72.79,65.37,20,Est,virement,0
19,100.749874,8,0,5.22,6,,6.05,35.72,88,Est,virement,0
,91.679383,2,18,2.56,4,21,42.64,22.9,25,Sud,carte,0
86,63.100981,3,18,9.6,3,16,48.66,92.19,100,Nord,carte,0
34,12.274318,8,20,8.93,2,27,44.8,68.58,100,Nord,prelevement,0
77,112.540326,6,6,4.76,6,16,69.34,91.25,78,Sud,carte,0
27,33.401867,11,7,9.41,2,19,-3.47,81.95,39,Nord,,0
61,83.194377,17,13,5.38,7,25,69.61,31.11,91,Nord,virement,0
5,53.628861,7,0,7.33,4,32,15.59,53.44,1,Ouest,prelevement,0
51,85.720862,9,16,8.0,3,13,-29.39,61.45,99,Est,carte,0
73,167.733445,6,NA,3.95,6,26,46.41,55.46,58,Ouest,prelevement,0
88,56.118377,12,8,6.5,9,9,6.06,57.83,5,Est,carte,0
4,210.683633,0,8,4.09,1,6,29.23,15.4,8,Est,carte,0
6,164.141863,4,13,4.95,2,22,-32.67,64.0,53,Est,prelevement,0
96,69.36207,6,15,3.74,2,4,65.88,31.2,44,NA,virement,0
5,49.130367,13,5,1.31,3,29,-29.58,80.37,67,Sud,carte,0
85,36.026728,2,18,5.03,1,16,72.29,82.07,81,Nord,carte,0
35,53.765243,9,6,4.17,9,7,-31.2,35.14,76,Nord,virement,0
6,74.060078,15,9,8.12,9,2,-22.68,69.35,72,Sud,carte,0
54,127.87923,7,2,2.01,5,25,45.54,80.43,6,Sud,prelevement,1
73,111.699509,6,11,6.23,6,42,12.74,35.96,56,Sud,virement,0
93,68.913213,6,8,1.91,4,25,169.2,94.97,46,Nord,prelevement,0
94,67.130846,6,18,3.59,3,13,38.36,60.6,13,Est,carte,0
27,203.319175,12,11,7.68,5,30,13.83,40.15,80,Ouest,carte,0
49,119.698107,17,19,1.01,5,29,35.52,9.23,3,Sud,prelevement,0
29,59.89242,8,15,6.12,1,45,70.42,15.2,68,Ouest,virement,0
88,20.486282,10,18,6.69,1,0,-17.5,74.05,16,Nord,carte,0
41,109.508219,13,21,9.08,1,41,-0.26,62.09,99,Nord,virement,0
29,84.67412,10,11,1.48,0,16,326.47,39.4,74,Sud,prelevement,0
35,172.312598,6,16,2.14,10,33,-7.75,74.11,38,Ouest,virement,0
43,80.412764,1,10,7.48,0,18,1.32,26.95,94,Ouest,carte,0
57,159.27338,9,18,3.95,4,28,61.58,59.05,39,Sud,virement,0
71,63.880089,7,13,6.88,3,26,-4.68,34.68,20,Ouest,carte,0
90,160.986535,18,0,3.29,6,1,43.25,60.53,6,Sud,carte,0
81,105.528658,2,4,4.56,3,8,-23.21,93.4,72,Nord,prelevement,0
30,201.356099,1,0,9.4,10,38,64.5,9.47,79,Sud,virement,0
40,65.109827,13,3,8.68,3,35,1.29,43.95,47,Sud,carte,0
2,12.732935,5,1,2.62,8,4,12.3,15.07,26,Ouest,virement,0
20,284.751674,7,21,9.05,4,12,-6.31,41.6,52,Est,virement,0
29,3.816526,10,16,7.57,9,22,67.58,49.26,31,Nord,virement,0
34,185.715572,12,6,8.55,7,35,65.45,67.88,39,Ouest,virement,0
76,147.347147,18,14,8.55,8,4,-0.16,81.79,75,Sud,prelevement,0
65,94.568449,4,13,5.05,9,20,-25.84,10.7,56,Ouest,prelevement,0
86,211.528212,5,11,2.66,10,28,8.55,38.56,93,Nord,carte,0
65,256.160493,4,5,9.63,10,28,17.23,51.66,47,Ouest,virement,0
42,113.068844,9,0,1.62,,36,46.99,49.23,77,Nord,carte,0
31,157.711854,13,7,1.4,2,1,71.39,86.13,79,Est,carte,0
21,68.546271,5,16,8.23,2,26,-31.93,92.87,72,Est,carte,0
52,201.667539,12,12,9.77,2,13,49.2,59.8,83,Sud,prelevement,0
87,113.392972,2,13,5.1,2,32,8.16,46.94,40,Est,carte,0
23,211.490395,7,13,6.6,1,0,13.44,79.83,20,Est,virement,0
64,228.079347,13,5,1.6,4,3,12.51,67.14,13,Nord,prelevement,0
87,64.716805,12,1,4.4,5,11,17.27,87.36,97,Ouest,carte,0
54,8.245491,14,14,8.49,2,44,45.39,77.24,95,Est,prelevement,0
63,142.215799,18,21,5.83,0,27,42.96,12.73,31,Nord,prelevement,0
29,176.361599,5,13,3.47,0,30,48.55,43.87,64,Ouest,virement,1
89,190.275483,16,2,3.29,1,41,-34.4,8.09,33,Est,carte,0
66,147.38908,11,21,8.8,8,0,26.94,10.26,20,Nord,virement,0
2,191.07837,16,16,6.82,3,34,56.08,44.32,42,Nord,virement,0
79,32.407898,4,,9.95,8,37,53.68,82.36,30,Sud,prelevement,0
75,227.210184,16,10,9.05,5,23,40.87,50.99,82,Ouest,prelevement,0
89,165.499251,0,21,7.62,7,0,26.21,61.49,59,Sud,carte,0
43,94.06949,1,4,5.42,7,30,2.48,6.98,49,Ouest,prelevement,0
83,109.012248,3,11,6.84,6,3,13.12,5.4,14,Est,carte,0
22,41.022089,5,3,2.52,4,28,-22.17,65.91,78,Nord,virement,0
197.28,10.190118,13,3,4.88,3,32,35.59,1.06,41,Ouest,virement,0
22,83.396182,2,4,6.03,5,6,-25.85,4.06,73,Sud,carte,0
87,197.257455,15,8,,5,31,-10.33,13.6,62,Ouest,virement,0
44,80.863857,4,3,2.14,2,24,27.92,23.4,70,Nord,virement,0
45,38.918264,18,22,7.58,26.01,30,-5.58,84.58,47,Ouest,virement,0
40,192.825181,2,1,9.57,0,29,-31.45,32.81,54,Nord,prelevement,0
86,108.0785,15,22,7.02,0,32,-5.64,46.78,86,Ouest,carte,0
11,31.977148,0,1,7.88,10,26,25.57,88.43,89,Est,prelevement,1
83,66.608932,8,12,1.28,9,15,17.69,22.95,43,Est,virement,0
65,35.48428,4,20,6.92,6,34,69.52,11.68,66,Nord,prelevement,0
81,191.849692,11,11,1.57,1,1,-27.48,3.79,92,Ouest,prelevement,0
85,180.57501,1,2,3.19,5,11,38.17,14.99,96,Nord,prelevement,0
52,17.918748,0,11,2.63,6,3,68.69,28.21,12,Ouest,prelevement,0
60,164.345,1,8,7.43,0,27,27.19,33.76,62,Nord,virement,0
52,183.141479,13,20,3.54,41.68,4,5.16,30.41,19,Est,,1
76,139.669347,17,21,5.07,34.09,40,-16.69,65.69,69,Ouest,carte,0
59,57.231723,4,40.3,6.93,6,44,-0.54,5.18,31,Est,carte,0
38,62.365263,1,11,4.96,7,32,9.59,66.71,82,Nord,carte,0
96,86.648943,18,21,2.94,1,31,31.87,27.78,100,Sud,prelevement,1
77,194.458494,3,9,5.32,3,45,15.05,4.23,38,Nord,carte,0
26,0,14,22,3.83,1,33,0.68,84.98,67,Sud,carte,1
21,249.862604,18,13,8.93,3,4,73.54,1.39,57,Nord,carte,0
70,115.263742,17,11,4.08,7,38,5.35,37.72,29,Sud,carte,0
9,156.234386,15,16,5.13,8,24,66.14,22.45,91,Sud,virement,0
85,15.989487,7,5,2.76,8,5,28.16,11.67,66,Sud,virement,0
50,140.488879,3,5,9.03,5,8,55.69,84.37,8,Sud,prelevement,0
15,34.139881,8,15,6.92,3,17,-14.38,2.99,76,Sud,carte,0
NA,151.496247,4,5,9.96,3,8,-16.01,31.66,45,Ouest,carte,0
35,34.259511,0,10,3.12,"2,00",37,-32.84,88.24,82,Sud,virement,0
90,12.294374,6,7,7.77,0,21,50.28,94.01,86,Sud,carte,0
40,127.146684,7,11,6.93,6,0,0.89,22.15,10,Nord,virement,0
90,213.760385,8,9,1.72,7,17,34.41,82.55,38,Sud,carte,0
6,87.037848,5,15,3.89,5,5,-15.81,31.09,39,Sud,virement,0
6,125.894357,14,2,9.83,2,21,37.74,5.43,73,Ouest,carte,0
43,100.568277,4,22,4.7,7,19,-14.34,64.08,60,Ouest,prelevement,0
8,79.894765,13,9,8.01,9,10,42.99,3.93,13,Sud,carte,0
94,186.192006,10,22,2.32,6,28,1.19,80.28,81,Est,virement,0
88,46.724557,5,22,6.08,10,31,0.24,22.29,75,Est,virement,0
60,101.534043,6,12,8.21,10,5,0.72,60.95,42,Sud,carte,0
2,188.30304,4,9,5.51,6,33,12.9,37.07,79,Nord,prelevement,0
87,211.295692,8,12,5.3,2,20,-26.32,59.7,78,Nord,virement,0
5,189.618422,6,0,8.34,7,13,72.56,46.1,5,Est,prelevement,0
39,12.539254,8,7,7.91,2,17,67.59,8.86,74,Est,carte,0
54,207.121222,7,13,9.26,10,23,-10.64,18.25,52,Ouest,carte,0
86,106.849352,16,9,5.79,1,34,-9.44,87.73,53,Est,virement,0
2,36.38533,2,5,1.06,1,2,36.4,48.86,79,Nord,prelevement,0
20,22.081911,1,21,2.49,4,38,-14.02,66.37,98,Est,carte,0
37,90.688158,3,12,6.99,1,31,-14.37,27.2,28,Sud,carte,0
3,61.624525,5,4,1.26,2,45,66.22,82.57,88,Sud,prelevement,0
30,104.349438,17,21,6.8,4,33,44.34,48.59,12,Sud,carte,0
27,69.854615,5,7,3.21,6,8,-8.75,45.1,32,Nord,NA,0
69,121.007293,17,14,3.62,3,7,67.47,86.04,66,Nord,virement,0
22,164.451988,5,5,4.33,9,18,-16.64,47.71,83,Sud,prelevement,0
81,106.13711,11,11,5.07,0,27,74.09,51.02,76,Ouest,prelevement,0
89,120.814787,18,3,4.96,4,38,-17.45,42.01,94,Sud,virement,0
23,200.622729,4,0,7.99,1,36,9.05,38.86,50,Nord,prelevement,0
10,15.09626,17,18,7.03,5,25,41.34,75.82,81,Sud,carte,1
62,37.071464,12,15,9.27,7,38,4.95,15.68,49,Est,carte,0
83,225.392088,5,15,1.86,7,44,-28.89,41.68,46,Sud,carte,0
38,161.409418,14,6,9.64,4,45,41.82,95.93,60,Nord,virement,0
85,188.50127,11,3,1.26,0,29,46.48,69.78,56,Est,carte,0
55,32.207246,14,15,4.58,1,5,-32.97,88.86,,Sud,virement,1
31,154.50064,15,15,5.59,8,44,15.87,18.08,85,Sud,carte,0
86,107.020821,9,10,7.39,3,14,2.42,37.26,55,Ouest,carte,0
64,11.530059,10,5,8.69,5,10,2.1,62.2,71,Ouest,virement,0
46,23.256195,6,19,9.01,1,3,22.88,80.85,28,Ouest,prelèvement,0
89,104.256861,5,13,2.15,6,15,47.41,68.3,58,Sud,virement,0
47,101.744483,5,10,5.5,4,34,-4.17,86.37,25,Est,prelevement,0
49,54.598038,18,14,1.73,5,14,-13.16,10.85,36,Sud,prelevement,0
73,154.10769,3,10,6.59,7,16,17.37,NA,100,Nord,virement,0
46,65.555777,0,11,1.65,8,14,0.54,62.36,92,Sud,carte,0
56,17.760855,18,8,3.01,7,39,3.08,84.26,60,Est,carte,0
87,190.940489,5,16,8.45,1,18,23.09,62.66,1,Nord,prelevement,0
79,72.233932,1,10,7.8,0,43,10.3,21.65,64,Ouest,prelevement,0
49,176.708605,5,15,4.57,5,13,-11.3,54.37,35,Est,virement,0
15,22.079547,11,13,7.12,2,27,10.51,88.67,74,Sud,carte,0
74,217.102229,13,7,4.32,5,20,51.5,41.99,42,Est,virement,0
72,99.023945,,18,3.99,8,35,55.19,79.11,47,Nord,virement,0
14,135.143267,16,1,2.51,0,13,-0.51,6.38,19,Ouest,prelevement,0
29,215.716609,11,13,5.08,10,12,-14.22,36.12,56,Nord,carte,0
32,0,5,5,9.42,3,26,-6.33,95.25,100,Sud,carte,0
7,110.027875,17,16,6.77,1,17,58.8,70.02,37,Nord,prelevement,1
19,73.586826,3,17,7.73,1,37,-14.74,46.15,8,Est,prelevement,0
54,190.711434,15,18,6.74,6,35,-28.05,2.78,28,Sud,prelevement,0
7,132.300896,14,17,7.5,4,20,33.09,25.3,94,Ouest,virement,0
32,190.815433,4,4,9.39,5,39,11.05,42.33,3,Nord,carte,0
17,219.390962,14,13,4.38,6,19,61.82,88.39,95,Ouest,carte,1
25,181.242079,15,21,3.95,4,19,-0.77,45.77,17,Est,prelevement,0
51,145.297644,12,1,3.84,4,23,-34.85,85.68,14,Sud,prelevement,0
29,125.911618,18,3,8.54,10,12,-19.36,8.43,82,Ouest,carte,0
31,116.842735,13,14,5.26,5,2,43.44,92.39,47,Ouest,virement,0
68,84.605567,16,11,4.22,1,24,4.63,81.27,27,Est,virement,0
81,158.229674,1,9,4.07,1,25,13.52,9.51,78,Est,virement,0
91,375.636004,4,2,8.48,10,31,-21.7,22.28,76,Sud,prelevement,0
14,126.734014,11,5,3.5,10,20,36.35,59.95,86,Nord,prelevement,0
17,83.647095,12,5,3.57,3,1,-5.81,2.8,97,Est,virement,0
57,37.828877,3,17,7.95,0,13,33.33,14.11,19,Sud,virement,0
83,198.350772,3,15,7.54,6,41,-21.22,48.18,63,Ouest,prelevement,0
10,64.065089,18,19,1.96,2,24,-27.07,12.16,36,Est,prelevement,1
40,117.868911,2,48.05,1.28,8,38,-9.25,10.64,59,Ouest,prelevement,0
89,219.093467,14,7,8.96,4,37,62.14,76.19,46,Est,prelevement,1
57,138.013166,16,22,1.3,8,27,56.19,28.31,46,Nord,prelevement,1
56,151.368653,6,4,7.87,8,23,32.88,87.64,85,Sud,prelevement,0
34,104.948137,2,8,3.02,3,37,62.47,87.66,87,Est,prelevement,0
33,191.696464,2,16,9.17,4,12,68.84,38.59,85,Nord,prelevement,0
59,122.889429,2,0,6.14,3,27,16.04,61.29,12,Nord,virement,0
86,43.21627,NA,1,4.26,4,40,1.02,7.03,25,Ouest,prelevement,0
33,192.756648,7,3,9.0,7,23,18.9,55.17,75,Sud,virement,0
74,49.342004,7,15,5.14,6,22,13.78,91.44,31,Est,carte,0
82,48.163613,8,19,3.88,9,0,45.11,23.95,76,Sud,prelevement,0
39,196.175132,12,0,3.84,3,21,-25.28,38.82,41,Est,carte,0
53,0.590709,17,4,7.0,1,43,41.22,29.95,12,Ouest,prelevement,0
84,228.949622,16,1,4.4,9,2,28.61,25.07,68,Sud,prelevement,0
28,102.192366,12,21,3.66,8,21,-25.76,7.35,14,Est,carte,0
65,128.575051,3,16,3.3,9,14,-10.96,94.56,13,Sud,carte,0
57,42.596414,11,15,8.43,10,12,-26.24,8.21,78,Nord,prelevement,0
83,65.635601,11,9,1.52,10,45,5.29,48.46,65,Est,carte,0
59,82.004895,12,11,8.35,5,0,43.15,48.02,38,Sud,prelevement,0
82,103.275281,0,21,3.48,1,25,71.76,84.01,80,Est,prelèvement,0
13,74.458446,0,15,1.68,7,8,-11.15,71.51,40,Sud,prelèvement,0
59,20.272952,18,14,4.76,10,29,3.91,24.3,63,Nord,virement,0
25,23.07532,16,12,9.59,5,20,-27.97,32.02,5,Ouest,carte,0
56,70.673105,16,19,7.02,5,4,24.07,37.96,13,Sud,prelevement,0
12,36.595776,4,20,2.33,10,31,-2.66,29.77,25,Nord,carte,0
41,33.94207,9,4,9.77,3,12,-11.59,57.51,75,Est,carte,0
39,108.666411,18,2,5.47,2,7,20.45,46.62,56,Nord,prelevement,0
80,181.262726,14,15,5.69,1,36,-3.97,32.96,86,Ouest,NA,0
37,142.579263,1,12,5.95,3,38,-14.17,40.63,53,Sud,carte,1
56,29.139056,12,0,3.22,7,35,74.49,89.29,11,Nord,virement,0
93,146.678646,17,20,7.01,10,36,13.22,86.36,59,Ouest,virement,1
77,0,8,5,8.51,2,33,38.99,56.79,72,Sud,carte,0
27,86.098251,10,,3.51,10,34,10.32,49.79,6,Nord,virement,0
59,204.312959,1,8,3.84,6,19,19.92,37.46,76,Nord,prelevement,0
72,95.349003,4,19,8.96,10,39,51.02,84.5,28,Sud,virement,0
22,373.174443,9,12,8.81,10,20,-31.96,6.93,36,Nord,prelevement,0
7,75.54943,12,11,7.72,8,1,67.05,69.44,75,Sud,prelevement,0
68,18.43617,18,20,8.5,0,9,63.89,"51,89",22,Ouest,prelevement,0
46,154.797563,12,20,5.2,6,6,43.27,48.19,34,Est,prelevement,0
4,46.838748,8,19,2.78,2,29,34.56,9.62,22,Nord,carte,0
65,33.943145,15,3,5.94,0,4,62.24,22.67,87,Sud,prelevement,0
6,162.373923,15,2,7.62,3,15,7.21,18.36,88,Nord,carte,0
25,164.966615,7,0,5.04,10,21,-27.42,38.97,83,Nord,virement,0
89,67.971419,16,2,4.85,3,20,21.37,44.76,86,Ouest,virement,1
32,32.123345,14,3,4.9,4,35,-23.78,27.84,37,Nord,prelevement,0
89,109.724386,14,18,9.28,9,39,9.05,54.36,22,Sud,virement,0
72,109.346437,5,12,2.01,4,17,21.79,84.3,13,Ouest,carte,0
56,202.390963,16,22,6.76,3,24,35.69,60.52,62,Est,virement,0
28,116.908198,7,15,2.94,2,"44,00",-3.1,39.36,35,Est,virement,1
58,0,2,5,3.32,1,20,36.51,6.23,86,Nord,virement,0
60,113.545134,6,19,5.06,0,14,49.47,95.46,74,Est,prelevement,0
58,156.243131,14,0,9.46,1,1,-34.91,89.21,30,Nord,prelevement,0
44,92.910644,4,1,5.65,7,25,30.93,46.75,75,Sud,virement,0
85,77.153642,18,20,9.72,5,9,-25.21,27.56,52,Ouest,prelevement,0
10,54.250416,0,2,5.1,2,17,-31.08,33.41,6,Nord,carte,0
41,50.954507,2,5,4.48,9,45,41.37,44.55,17,Nord,carte,0
,161.607546,18,7,2.35,2,0,-24.24,90.87,83,Sud,virement,0
68,166.594798,14,13,4.44,7,28,-10.68,75.08,23,Ouest,prelevement,0
62,0,15,2,3.68,1,28,7.3,69.18,95,Nord,prelevement,0
27,202.257505,9,16,3.62,8,39,6.77,35.85,74,Sud,virement,1
14,169.984106,15,14,4.96,3,6,-10.77,20.98,8,Est,virement,0
57,3.45498,8,10,1.41,2,18,30.57,83.8,65,Est,prelevement,0
48,226.60451,10,18,1.67,6,37,74.62,47.28,11,Est,carte,1
86,127.967936,16,21,9.04,9,0,69.21,9.87,48,Ouest,virement,0
83,45.96232,18,5,9.37,0,25,59.16,86.54,79,Nord,carte,0
43,5.536196,17,21,7.82,7,42,73.46,59.23,2,Nord,carte,0
12,112.422568,5,17,1.37,0,3,20.99,86.03,91,Est,prelevement,0
30,180.794028,15,5,8.96,4,2,22.85,1.78,10,Ouest,prelevement,0
20,120.994264,8,19,6.76,1,34,,32.75,294.25,Ouest,carte,0
51,200.498905,2,1,5.2,1,5,,41.66,21,Nord,carte,0
90,64.130285,2,5,5.86,4,27,-20.3,87.5,88,Est,carte,0
15,40.046166,14,0,1.45,7,40,49.64,67.91,96,Nord,carte,1
60,228.912034,10,0,2.29,6,32,28.26,42.32,26,Sud,virement,1
21,68.614777,3,5,1.68,9,30,30.28,83.71,90,Sud,virement,1
58,226.047373,4,14,7.65,10,,20.73,3.49,56,Est,carte,0
12,71.767616,15,8,6.99,4,39,58.48,46.31,97,Ouest,virement,1
88,286.476847,10,5,5.27,1,42,-29.88,87.7,26,Est,prelevement,0
93,143.673315,2,9,7.67,8,24,74.22,54.66,97,Sud,virement,0
37,210.347734,11,8,9.57,1,1,-26.96,11.84,76,Est,carte,0
73,190.383087,15,0,7.19,10,19,37.68,88.48,64,Sud,virement,0
55,10.939031,5,10,1.65,2,13,59.3,60.4,43,Ouest,carte,0
31,193.217518,10,1,6.03,5,8,-2.32,39.9,0,Est,virement,0
58,47.250271,6,8,1.44,6,45,-27.07,22.45,56,Est,virement,0
69,175.178121,16,15,2.59,3,26,67.69,57.94,90,Est,virement,0
71,72.537234,11,14,2.27,8,41,-29.38,52.0,37,Est,virement,0
30,218.548995,7,3,7.24,10,34,35.28,34.1,78,Ouest,prelevement,0
14,106.013893,9,21,1.57,5,24,0.48,80.81,57,Sud,virement,0
26,165.299811,7,21,8.81,7,20,-0.57,29.66,17,Nord,virement,0
49,199.011224,4,13,1.37,9,36,55.69,76.54,89,Sud,prelevement,0
22,108.334558,0,11,7.79,8,25,48.73,58.33,44,Nord,prelevement,0
68,27.318347,10,1,4.15,2,33,-9.77,18.06,31,Nord,virement,0
93,170.229522,2,20,9.42,10,37,34.95,48.03,22,Nord,virement,0
60,214.223213,8,6,3.12,6,20,-22.15,61.82,36,Nord,prelevement,0
58,119.489953,12,4,6.06,6,20,-26.99,5.92,14,Est,prelevement,0
67,206.684825,15,13,1.11,3,4,62.56,59.39,5,Nord,prelevement,0
66,191.377262,16,19,7.21,1,33,26.72,20.01,NA,Nord,carte,0
75,164.284609,5,2,5.21,10,,-27.24,8.76,4,Ouest,carte,0
37,100.019973,6,8,1.58,3,43,-8.54,40.58,83,Ouest,prelevement,0
62,220.970958,18,5,1.68,7,"2,00",21.84,3.64,73,Sud,carte,0
43,35.358743,12,22,3.9,10,8,43.48,33.1,50,Est,virement,0
59,167.262215,16,7,7.37,6,36,31.0,60.35,10,Nord,carte,0
60,223.870096,16,17,1.64,0,6,-12.29,22.69,50,Nord,virement,0
64,177.215199,14,11,5.52,2,0,44.24,73.56,95,Sud,carte,0
23,63.568094,6,12,5.08,4,24,73.95,20.37,16,Nord,carte,0
91,193.033647,4,18,2.09,0,6,2.38,56.74,100,Nord,carte,0
36,205.840138,0,8,6.83,5,30,59.34,44.89,12,Sud,prelevement,0
30,11.918581,4,0,7.6,8,9,63.94,10.77,6,Ouest,prelevement,0
48,132.933328,9,13,3.11,10,34,29.19,36.07,76,Sud,prelevement,0
79,24.628287,2,22,4.2,5,7,-7.56,12.22,1,Sud,carte,0
45,69.662937,14,14,3.4,1,9,46.71,44.42,33,Ouest,prelevement,1
15,73.603461,15,5,1.05,0,19,3.98,89.26,74,Ouest,carte,0
61,208.904735,16,15,8.61,4,12,59.45,84.91,81,Sud,virement,0
31,56.379016,9,14,2.27,4,45,-19.48,3.94,24,Sud,carte,0
56,0,15,4,5.9,9,32,-12.72,16.99,3,Nord,virement,0
54,103.565992,7,20,7.84,9,2,14.35,10.69,47,Est,carte,0
71,138.040174,7,4,8.77,5,1,31.81,23.92,92,Est,prelevement,0
34,168.455026,8,8,4.94,3,6,40.42,94.1,40,Sud,carte,0
88,48.123961,8,18,2.66,10,10,-22.58,25.97,73,Nord,prelevement,0
50,0,13,3,1.6,3,24,-25.69,91.81,38,Nord,prelevement,0
90,116.00055,6,11,4.58,9,32,30.21,53.85,82,Ouest,virement,0
13,67.555758,6,17,1.97,8,4,24.37,37.12,66,Nord,virement,0
29,178.382003,13,4,4.32,10,39,-7.03,6.85,99,Sud,carte,0
53,10.604172,3,5,1.96,4,21,20.26,40.73,50,Nord,carte,0
75,199.041151,16,3,9.16,2,29,59.9,23.69,81,Est,carte,0
93,194.997249,5,6,2.6,5,13,10.48,33.73,8,Sud,virement,0
85,119.453146,8,18,2.05,2,10,72.03,72.58,17,Ouest,prelevement,1
8,155.265554,6,6,5.75,8,11,4.3,78.15,24,Nord,virement,0
12,114.368942,14,15,3.6,2,12,21.73,3.19,31,Ouest,carte,0
13,150.754936,13,22,4.46,3,4,68.31,76.96,68,Nord,carte,0
68.52,182.650616,1,17,2.93,6,24,69.87,95.87,95,Sud,carte,0
40,81.916653,15,12,4.73,3,37,53.97,78.74,73,Est,prelevement,1
22,418.996159,18,20,5.93,3,13,1.86,84.29,62,Ouest,virement,1
55,67.398983,12,13,4.23,4,20,65.45,5.45,63,Sud,virement,1
5,186.337612,0,4,9.53,9,12,15.67,85.21,23,Est,prelevement,0
20,83.291213,8,13,5.68,1,23,14.71,49.23,60,Ouest,carte,0
41,174.367695,8,18,4.27,6,8,21.42,57.38,67,Sud,prelevement,0
3,145.929322,5,16,2.24,1,11,65.51,49.71,42,Ouest,carte,0
43,0,3,12,5.06,10,24,0.01,73.02,13,Nord,virement,0
15,70.027264,15,,3.03,7,32,67.06,50.83,8,Est,prelevement,1
25,136.696268,6,19,2.57,2,16,31.77,39.51,56,Sud,prelevement,0
40,122.720217,1,10,9.15,5,18,63.36,4.53,32,Sud,prelevement,0
60,83.078771,3,1,6.05,4,16,-33.11,44.65,4,Ouest,virement,0
41,78.577544,13,15,3.05,0,23,-29.37,18.94,6,Nord,virement,0
39,207.556216,15,21,7.52,1,22,-27.39,13.04,56,Est,prelevement,0
78,202.389242,17,18,3.06,5,28,5.8,43.25,36,Sud,virement,0
46,209.773175,18,13,3.07,8,3,10.89,71.16,73,Nord,prelevement,1
31,205.840294,4,17,7.73,8,42,24.45,69.22,39,Est,carte,0
34,70.397089,6,8,5.06,2,4,54.89,33.34,70,Nord,virement,0
86,161.380369,12,17,7.28,2,37,31.34,86.46,40,Sud,carte,0
76,212.914093,15,2,6.42,4,7,3.16,16.21,,Est,carte,0
30,202.817738,11,20,3.98,7,18,57.7,29.5,26,Sud,virement,0
28,164.805382,18,16,3.55,5,39,-20.49,63.89,79,Est,prelevement,1
72,158.507891,8,6,9.42,6,4,-10.63,1.53,44,Est,carte,0
23,42.010932,18,8,1.27,6,18,50.07,63.89,55,Ouest,carte,1
92,790.908592,18,7,1.82,5,40,-10.19,26.41,49,Est,carte,0
62,111.972736,4,2,8.27,4,28,35.42,3.63,92,Est,virement,0
48,237.758946,0,2,3.54,3,42,8.83,NA,78,Ouest,carte,0
80,86.891731,11,4,3.67,8,12,-21.22,93.42,16,Sud,carte,0
30,83.169673,17,15,7.56,6,25,49.89,74.92,81,Est,prelevement,0
73,61.317713,10,15,7.12,4,15,31.48,8.67,43,Est,prelevement,0
4,83.441826,3,5,9.76,10,24,-23.58,46.07,50,Sud,prelevement,0
72,143.906704,12,3,1.61,8,36,59.63,49.25,90,Est,virement,0
4,73.811869,4,19,9.59,7,43,16.19,51.16,94,Sud,prelevement,0
59,153.883692,12,20,3.31,8,19,64.26,68.19,88,Nord,virement,0
15,164.069595,4,20,8.37,3,43,28.14,8.52,37,Sud,prelevement,0
36,118.172338,6,9,7.34,5,33,5.87,34.01,58,Est,carte,0
13,51.707502,6,0,7.58,0,25,33.57,11.09,94,Nord,carte,0
83,0,18,20,5.97,0,39,27.79,15.12,11,Nord,carte,0
92,194.896844,8,12,7.69,5,42,24.49,77.57,46,Sud,carte,0
6,40.773247,6,13,4.88,2,43,-34.19,33.36,76,Nord,virement,0
52,90.981366,0,6,5.28,7,35,57.57,44.87,32,Nord,virement,0
23,67.254267,7,7,1.34,4,31,50.9,79.18,,Nord,prelevement,0
4,30.430944,15,22,8.55,5,21,-0.48,52.17,76,Sud,prelevement,1
62,64.153764,4,14,2.52,0,11,64.89,82.29,11,Est,prelevement,0
17,196.08565,16,0,6.14,6,11,23.05,73.92,0,Ouest,virement,0
85,74.387808,6,21,3.04,3,27,4.0,35.41,85,Est,carte,0
83,0,12,13,5.4,8,44,20.11,86.47,12,Sud,carte,0
88,23.979915,15,5,3.64,3,42,36.13,13.68,75,Est,virement,0
NA,367.652969,7,4,8.99,5,0,,9.67,68,Sud,virement,0
33,209.771701,5,12,1.56,5,27,-25.89,50.5,72,Nord,prelevement,0
79,117.475599,12,21,2.09,0,11,41.8,72.82,62,Nord,carte,1
41,168.979576,1,22,3.4,10,1,42.12,64.19,57,Ouest,carte,0
44,147.394004,4,18,4.95,6,"29,00",58.84,26.68,32,Est,prelevement,0
20,170.458882,15,20,9.59,3,5,43.22,50.57,98,Ouest,virement,0
32,123.973979,2,4,6.11,5,45,-15.5,71.54,56,Ouest,virement,0
54,82.094161,15,2,6.48,4,9,-28.8,33.94,76,Est,carte,0
65,67.915767,2,2,7.77,4,4,23.67,75.02,84,Est,prelevement,0
90,44.082925,12,9,4.76,4,5,49.71,49.37,43,Ouest,prelevement,0
13,99.198666,12,16,4.4,8,0,28.83,49.94,65,Sud,carte,1
49,88.642373,16,19,8.55,7,9,50.05,26.53,0,Nord,carte,0
31,119.574441,13,8,1.84,2,21,-7.41,56.08,65,Sud,carte,0
26,75.554991,18,4,9.4,2,26,21.98,20.06,44,Sud,prelevement,0
28,176.486824,12,16,8.68,22.78,5,53.57,84.47,97,Est,prelevement,0
6,136.250968,5,8,1.47,2,32,25.38,57.19,69,Ouest,prelevement,0
10,70.511198,16,1,6.05,9,41,-20.27,64.7,58,Ouest,carte,1
72,117.151115,16,20,3.84,4,34,3.46,72.02,67,Nord,virement,0
51,203.849502,5,7,8.87,8,32,30.41,91.38,3,Nord,prelevement,0
21,117.383584,17,5,9.27,0,10,24.96,31.22,11,Nord,carte,0
61,128.17571,11,16,7.13,4,10,29.19,86.1,24,Nord,prelevement,0
79,76.515887,14,10,1.02,2,39,11.38,91.5,2,Ouest,virement,1
72,140.87847,14,2,3.4,10,20,48.78,59.22,5,Est,prelevement,0
46,102.035346,9,12,1.43,2,13,66.67,78.41,20,Est,carte,0
48,88.727147,1,18,1.24,7,25,32.42,93.99,3,Sud,virement,1
19,37.496618,17,16,8.57,2,10,24.09,5.47,25,Ouest,virement,0
80,212.12465,8,12,3.11,0,34,-30.72,26.69,13,Sud,virement,0
5,56.710578,3,20,1.72,3,10,53.95,9.85,39,Sud,virement,1
62,137.606332,13,12,7.26,5,22,35.18,8.95,81,Sud,prelevement,0
27,105.178071,3,0,2.86,0,27,39.34,66.72,20,Est,carte,0
5,187.147859,15,4,1.55,3,22,67.89,42.31,99,Est,virement,1
39,82.731195,0,1,8.1,7,11,35.26,50.96,87,Ouest,virement,0
81,10.541615,2,21,1.27,5,11,26.33,63.8,5,Nord,prelevement,0
86,40.283466,5,3,6.59,2,11,73.75,4.13,73,Nord,prelevement,0
93,29.788844,12,16,4.82,0,39,-5.25,16.68,40,Est,prelevement,0
17,72.692584,1,13,7.01,3,23,63.45,47.46,32,Sud,virement,0
93,37.028291,9,21,7.05,4,16,-11.11,72.63,36,Sud,virement,0
38,91.723739,15,4,9.72,10,9,24.88,14.08,57,Sud,carte,0
57,135.335635,9,2,7.03,8,35,37.96,89.22,46,,prelèvement,0
35,192.653175,0,11,1.55,3,15,57.29,8.85,14,Ouest,virement,1
71,53.022838,14,8,1.38,7,42,0.83,84.53,92,Nord,carte,0
6,131.672719,9,18,6.79,6,11,50.11,14.48,87,Est,prelevement,0
29,224.131098,16,2,8.43,1,2,-0.45,,26,Nord,prelevement,0
12,61.832112,9,12,3.19,9,28,35.88,56.39,88,Nord,carte,0
72,187.060184,12,4,4.26,5,21,-14.92,65.78,2,Sud,virement,0
86,77.090388,17,16,9.61,7,43,60.67,42.0,63,Ouest,prelevement,1
60,164.204165,12,15,5.12,,18,-14.5,29.9,7,Est,virement,0
92,94.93628,12,20,5.4,8,2,4.61,92.32,74,Ouest,virement,0
43,45.781239,7,2,7.81,8,10,57.74,41.05,40,Est,virement,0
"64,00",205.248733,11,8,2.85,2,34,41.84,60.87,23,Ouest,carte,0
79,142.133494,17,8,1.66,0,16,-20.74,72.17,11,Ouest,carte,0
73,89.476981,15,9,7.6,2,25,23.27,37.86,51,Est,virement,0
16,146.051981,2,8,5.25,3,11,46.02,79.1,66,Nord,carte,0
65,229.2472,5,20,4.8,3,42,33.73,47.57,2,Sud,virement,1
90,150.569981,16,6,5.81,10,23,-14.95,3.64,81,,virement,1
44,182.337233,13,15,1.66,0,32,66.55,5.96,2,Ouest,virement,0
82,117.584217,14,14,5.61,6,,-6.54,57.36,34,Nord,carte,1
95,139.547357,8,3,2.06,3,29,-14.61,52.06,80,Nord,carte,0
32,193.661225,12,16,4.73,10,39,-31.26,48.37,61,Est,carte,1
66,78.792893,14,10,3.59,10,6,66.4,58.1,88,Sud,prelevement,0
12,174.512812,15,2,6.31,4,43,28.05,15.9,14,Nord,carte,0
54,196.037208,2,16,8.61,0,23,4.73,4.02,75,Nord,prelevement,0
50,70.928687,9,10,5.22,8,12,-30.39,58.75,51,Est,carte,0
92,121.691772,5,10,6.4,2,9,-32.26,79.48,60,Sud,carte,0
38,159.510063,12,10,7.76,9,35,62.59,47.47,61,Nord,virement,0
6,149.409514,NA,3,6.58,10,7,22.31,25.52,86,Ouest,carte,0
92,160.179926,18,7,4.44,4,20,-34.42,63.08,88,Sud,virement,0
36,21.35775,5,19,2.79,6,17,63.47,48.11,57,Ouest,prelevement,1
30,148.723617,8,2,7.86,8,45,34.98,65.5,93,Est,carte,0
10,93.376014,3,14,1.74,5,44,-23.19,60.93,88,Sud,carte,0
2,123.259819,9,20,8.25,3,24,33.9,88.32,30,Est,prelevement,0
32,120.416155,12,7,1.58,7,32,-1.58,78.02,60,Ouest,prelevement,0
45,169.896628,10,14,7.74,0,2,37.95,48.94,0,Nord,carte,0
44,102.869633,8,11,8.15,3,6,-26.88,7.04,79,Est,prelevement,0
77,17.720461,3,17,4.91,4,10,54.47,13.8,11,Sud,virement,0
3,222.196061,2,14,3.0,2,27,-31.5,58.66,47,Est,virement,0
53,166.972653,10,22,2.2,0,39,-29.98,79.3,0,Est,carte,0
79,175.681287,5,9,3.18,10,33,74.87,,42,Nord,virement,0
63,86.216109,16,3,2.35,4,44,-10.44,80.12,27,Nord,carte,1
34,66.041922,15,17,2.6,2,17,21.7,95.84,75,Ouest,carte,0
11,0,15,19,8.02,10,10,-24.29,72.59,65,Est,carte,0
8,232.976282,16,16,6.34,7,43,-12.43,74.83,15,Ouest,carte,0
15,92.331224,4,22,6.32,6,3,-22.27,2.71,84,Ouest,carte,0
22,104.954203,17,15,3.48,8,0,-6.49,78.63,44,Ouest,prelevement,1
27,172.799512,3,2,5.18,1,"19,00",-21.68,17.29,13,Sud,virement,0
41,218.772093,13,1,3.64,4,6,24.27,38.35,22,Nord,prelevement,1
59,134.428544,12,22,3.96,4,40,-2.95,28.63,97,Est,prelevement,0
38,180.372814,,18,8.92,7,26,-28.5,25.14,27,Sud,virement,0
60,48.542421,11,14,2.74,10,9,63.59,83.31,29,Est,carte,0
5,34.745984,8,17,9.61,8,35,-29.14,26.15,4,Est,prelevement,0
31,168.631437,4,15,4.25,8,11,52.32,74.66,33,Ouest,virement,0
86,106.246126,15,18,2.95,4,2,27.61,76.05,85,Sud,prelevement,0
80,195.15312,1,4,1.99,6,38,-9.43,20.11,0,Sud,carte,0
24,85.402333,6,17,7.85,8,23,47.74,39.05,25,Sud,prelevement,0
67,211.481159,4,3,6.18,4,17,-29.12,31.88,33,Nord,carte,0
77,2.781496,12,4,3.95,7,45,62.37,91.67,65,Nord,virement,0
2,139.268104,7,0,7.15,10,39,-15.63,45.01,18,Nord,prelevement,0
66,186.328608,5,19,5.84,3,10,-18.37,11.38,9,Nord,virement,0
32,242.638887,1,4,5.33,9,9,37.48,9.98,83,Est,prelevement,0
66,3.380566,7,15,6.35,8,33,-23.58,60.48,35,Est,carte,0
19,231.541215,15,5,5.14,3,21,7.78,81.76,20,Sud,carte,0
65,182.991505,10,17,5.29,8,1,30.0,53.24,54,Ouest,prelevement,0
95,0,0,21,7.94,5,10,32.11,21.31,64,Ouest,virement,0
23,66.249541,4,18,7.12,8,24,-4.39,75.15,100,Nord,virement,0
20,56.772287,9,7,8.12,5,NA,-20.12,13.42,53,Sud,carte,0
4,123.489639,11,20,4.1,7,6,49.71,13.42,15,Ouest,prelevement,0
62,201.047452,16,22,2.38,8,9,54.37,82.14,13,Nord,virement,0
55,144.87443,1,4,8.38,2,40,-20.35,27.81,77,Sud,carte,0
82,92.725775,13,12,3.85,7,27,-7.4,83.07,12,Sud,prelevement,0
83,72.39267,11,16,6.86,9,14,-2.52,70.39,60,Est,prelevement,0
27,103.533312,2,15,9.4,2,13,67.67,94.3,63,Nord,prelevement,0
32,124.316651,9,19,3.14,3,8,-26.22,91.97,100,Est,prelevement,0
3,180.586866,14,8,2.94,9,17,68.52,90.05,74,Sud,carte,1
42,165.852405,9,11,2.63,5,7,50.17,76.5,98,Ouest,prelevement,0
14,38.320547,0,6,1.86,1,10,64.91,75.13,8,Nord,prelevement,1
17,205.308971,15,19,4.38,4,35,3.25,26.02,81,Sud,carte,1
33,164.798211,5,15,3.49,8,14,-21.7,45.1,11,Est,carte,0
37,187.141526,3,5,8.33,4,32,2.69,65.38,51,Sud,virement,0
41,85.697441,10,4,4.98,8,23,-28.98,73.86,55,Sud,prelevement,0
31,139.555288,17,19,9.01,7,17,-32.91,63.34,30,Nord,prelevement,0
39,131.848193,17,4,2.18,9,24,47.62,29.26,92,Sud,carte,1
54,177.697612,13,16,5.49,7,2,72.71,11.79,7,Sud,virement,0
52,5.387334,16,21,5.04,0,42,31.82,94.32,32,Sud,virement,0
42,890.754025,4,13,9.96,5,36,-12.01,46.73,21,Ouest,virement,0
67,29.934357,1,6,8.03,7,6,-21.72,48.19,85,Nord,prelevement,0
5,178.028295,14,15,9.1,1,43,47.38,3.41,95,Sud,virement,0
80,10.274833,10,22,1.13,4,37,-5.75,58.18,10,Nord,carte,0
42,57.764944,13,19,2.95,8,21,23.42,53.07,65,Nord,virement,1
32,255.231125,9,2,1.94,6,7,54.94,92.78,10,Sud,carte,0
69,101.644694,17,0,4.63,4,35,73.73,,41,Sud,carte,0
80,151.082044,0,1,5.65,0,17,35.55,23.81,99,Sud,virement,0
34,126.493387,9,10,2.13,2,3,73.3,78.74,46,Sud,virement,1
38,30.173384,2,5,3.66,2,44,31.58,43.85,0,Est,carte,0
32,24.29076,9,18,1.61,4,22,57.17,65.21,66,Sud,prelevement,1
35,224.049649,9,5,3.65,5,28,45.58,73.14,100,Ouest,virement,0
19,132.750655,16,6,6.0,3,45,23.24,67.72,57,Sud,carte,0
69,9.713619,2,15,6.61,3,27,70.52,11.22,42,Nord,prelevement,0
26,275.463925,8,1,9.0,9,35,-32.89,20.36,41,Ouest,carte,0
15,161.551868,12,2,1.73,6,28,52.52,81.64,77,Nord,carte,0
50,40.9786,2,1,9.74,5,6,-33.24,93.9,38,Ouest,virement,0
40,178.631022,1,4,8.5,6,23,40.74,30.96,2,,prelevement,0
48,178.95242,0,10,3.41,9,19,50.54,38.17,32,Ouest,virement,0
31,91.815013,18,5,7.04,3,42,47.32,66.95,50,Nord,virement,0
18,169.550498,15,2,3.54,4,5,71.46,49.72,78,Est,virement,1
36,177.567636,11,10,9.14,3,35,-33.18,16.22,96,Sud,carte,0
33,74.117564,18,3,8.07,10,17,-8.96,74.61,61,Est,carte,0
70,89.427416,8,9,3.72,8,36,55.62,24.95,64,Est,NA,1
96,105.943079,17,3,8.33,7,37,-29.24,42.64,55,Sud,virement,0
84,89.783765,0,17,2.04,6,1,40.74,61.91,,Ouest,virement,0
87,188.945175,14,8,7.13,1,29,3.24,79.88,18,Ouest,virement,0
3,183.26686,7,0,8.55,9,3,-7.26,85.53,64,Est,prelevement,0
70,157.102755,11,4,NA,4,4,-29.5,24.37,50,Nord,prelevement,0
47,127.616449,2,11,3.25,3,29,30.75,31.91,20,Nord,prelevement,0
34,86.39532,4,17,4.79,8,10,-12.56,73.22,38,Est,virement,0
89,87.546909,2,17,7.36,7,18,11.49,32.79,25,Ouest,prelevement,0
71,158.911632,11,22,4.53,10,24,19.7,63.38,86,Est,prelevement,0
80,328.418487,11,7,2.49,5,36,33.82,17.14,12,Est,carte,0
90,151.342913,1,4,1.59,2,36,,34.04,5,Ouest,prelevement,0
95,23.882339,3,18,6.54,5,36,21.78,72.95,518.26,Ouest,carte,0
43,175.926151,12,18,9.42,2,35,-32.38,14.86,56,Est,carte,0
70,206.852248,2,1,8.21,10,45,72.44,36.84,47,Sud,prelevement,0
14,212.930674,16,18,2.16,0,5,-6.73,34.22,65,Sud,prelevement,1
65,163.023107,9,8,6.4,0,2,13.35,44.16,92,Est,prelevement,0
74,228.842885,7,4,3.4,7,23,13.63,19.12,6,Nord,carte,0
12,101.206458,2,4,4.26,4,35,-28.48,76.14,14,Ouest,carte,0
56,187.257416,18,11,9.44,0,25,14.59,88.96,67,Ouest,carte,0
8,110.517772,18,15,3.87,3,6,-21.98,69.7,56,Ouest,prelevement,0
51,101.714633,14,20,5.97,6,,15.27,95.21,26,Nord,carte,0
47,143.206688,1,19,1.67,7,14,41.91,49.38,58,Sud,prelevement,1
13,95.182969,12,15,7.64,10,16,51.81,31.85,73,Sud,carte,0
7,161.908879,10,8,8.26,10,7,32.05,73.75,11,Ouest,prelevement,0
82,115.024289,3,15,8.04,10,9,-21.1,89.87,92,Sud,carte,0
95,117.752273,11,8,7.44,2,22,65.7,44.56,56,Sud,carte,0
32,208.508379,15,22,4.99,8,9,3.93,40.99,84,Sud,carte,1
58,29.01346,5,12,1.97,8,29,45.32,14.54,62,Sud,prelevement,0
71,88.038284,10,6,6.56,9,31,-17.49,81.9,100,Nord,carte,0
86,169.152376,12,15,3.55,2,39,54.64,32.32,47,Ouest,carte,0
49,103.708029,6,1,3.33,5,38,47.08,9.64,62,Ouest,prelevement,1
90,98.095091,11,16,2.01,4,11,31.54,29.09,35,Est,prelevement,0
15,225.369495,9,8,3.16,0,34,66.65,25.02,7,Ouest,virement,0
56,79.221799,15,20,1.95,5,5,-16.77,21.71,15,Sud,carte,1
69,34.957424,13,1,8.84,9,1,70.45,71.28,12,Sud,carte,0
93,95.821997,3,1,1.43,9,11,-24.67,56.18,87,Ouest,virement,0
86,67.733935,8,21,7.38,8,12,64.78,94.72,93,Nord,carte,0
63,134.580107,15,19,4.3,7,3,-18.46,13.87,46,Ouest,carte,0
83,193.399768,13,7,8.59,7,22,-28.73,90.17,10,Sud,virement,0
24,151.853545,1,18,4.83,0,12,47.74,41.47,79,Ouest,carte,0
67,107.326217,4,18,4.07,9,16,18.9,47.79,82,Est,prelevement,1
11,191.017502,3,16,7.56,10,8,-33.32,46.34,36,Nord,prelevement,0
18,164.302228,3,16,4.7,8,3,12.91,85.4,6,Est,prelevement,0
34,127.534399,2,7,4.78,7,15,73.74,1.03,31,Nord,prelevement,0
49,35.397886,11,2,3.56,8,36,20.38,92.42,13,Ouest,prelevement,0
6,90.557849,1,8,4.8,8,32,23.85,19.41,7,Nord,virement,0
79,52.97162,13,22,3.59,0,22,65.29,46.94,81,Sud,carte,0
89,32.429462,4,5,2.44,2,6,49.33,81.54,3,Est,carte,0
33,149.737601,0,20,7.64,8,16,65.9,89.91,79,Sud,virement,0
84,78.212347,9,7,3.11,6,19,69.93,48.49,56,Ouest,virement,0
64,84.937707,16,6,8.54,10,9,26.04,7.97,17,Nord,virement,0
6,114.727498,12,3,3.37,8,15,14.7,79.71,71,Sud,virement,0
58,62.085059,9,22,3.05,10,45,0.74,12.97,44,Ouest,virement,0
88,170.498278,8,21,3.0,10,37,-1.51,71.31,31,Sud,carte,0
5,26.595293,13,9,2.55,4,32,5.94,76.84,27,Nord,carte,1
84,78.459104,0,17,2.39,1,31,44.47,14.7,33,Est,carte,0
31,0,5,21,2.67,6,43,-30.82,46.81,53,Est,prelevement,0
3,91.097326,0,3,9.92,2,23,37.44,67.77,34,Nord,carte,0
30,89.851898,6,9,5.28,0,26,-4.81,49.21,71,Sud,carte,0
63,97.120546,16,16,3.08,0,28,-2.51,62.36,97,Ouest,carte,0
25,42.87643,7,6,3.21,2,23,-111.12,58.93,3,Ouest,carte,0
16,68.259712,15,7,7.51,10,8,17.71,63.74,45,Sud,virement,0
90,57.300914,2,2,8.12,10,14,43.31,30.8,40,Est,carte,0
7,20.228577,18,4,9.19,0,5,56.72,16.6,44,Ouest,carte,0
47,121.418149,16,3,6.04,10,10,72.04,86.21,45,Nord,virement,1
42,249.357106,11,13,7.8,7,1,-32.77,4.19,13,Ouest,carte,0
63,12.754994,16,15,4.66,7,19,73.55,12.31,75,Sud,prelevement,1
83,183.691323,3,22,2.68,1,17,46.78,46.79,93,Sud,carte,0
83,188.363202,14,17,5.73,6,32,61.66,31.85,25,Ouest,prelevement,0
53,101.202939,2,1,6.14,3,37,-27.65,65.34,54,Nord,carte,0
7,174.540296,3,18,1.94,7,38,6.51,48.12,52,Nord,virement,0
93,196.24467,15,13,9.82,10,17,6.41,34.42,31,Ouest,virement,0
43,88.894516,8,12,1.29,3,37,-11.56,29.75,32,Ouest,virement,1
81,146.363061,13,2,6.57,6,16,65.89,35.28,76,Nord,prelevement,0
27,75.728371,7,13,4.21,7,32,27.04,9.38,61,Est,virement,0
69,95.937477,16,17,9.4,9,19,29.1,16.87,57,Ouest,virement,0
51,61.475861,5,12,9.08,6,32,60.22,17.4,78,Sud,carte,0
80,100.015045,15,5,3.15,10,36,42.19,75.23,81,Est,prelevement,0
49,147.79719,11,2,6.15,8,45,72.84,44.5,85,Est,carte,0
76,139.593687,10,8,2.19,0,16,26.55,27.76,44,Sud,virement,0
57,21.370226,18,1,4.03,4,14,59.12,71.26,94,Sud,carte,0
54,196.05788,6,6,7.94,6,30,22.97,12.23,59,Nord,carte,0
57,143.887629,8,17,1.03,0,35,-0.14,40.57,56,Est,virement,0
17,191.124181,5,7,7.61,10,16,74.59,28.81,98,Sud,carte,0
93,80.959172,2,15,4.78,5,4,16.87,94.72,94,Ouest,virement,0
38,98.879326,17,15,8.7,6,8,27.7,81.53,38,Est,virement,0
66,41.186938,8,6,4.06,3,4,63.83,23.79,2,Sud,carte,0
49,177.88251,9,14,1.96,10,43,-26.81,37.51,9,Nord,prelevement,0
2,180.997413,6,18,4.68,3,28,-22.23,41.59,36,Nord,prelevement,0
29,198.785467,5,13,3.12,4,29,-31.67,65.03,1,Nord,prelevement,0
42,0,14,8,1.52,3,12,46.17,42.9,39,Nord,virement,0
22,31.631747,15,13,5.05,4,45,-31.38,14.71,1,Nord,prelevement,0
81,57.416403,9,3,6.86,4,4,17.32,83.45,70,Ouest,virement,0
68,161.825795,2,2,2.18,6,8,-6.3,65.89,21,Ouest,carte,0
91,70.270687,6,12,8.68,3,42,66.22,11.31,17,Ouest,prelevement,0
18,11.791803,13,7,7.97,3,5,-4.35,48.21,90,Sud,carte,0
63,85.668032,4,17,2.88,0,42,21.31,82.87,10,Sud,carte,0
45,191.810776,7,8,3.88,9,6,-1.18,20.07,17,Est,virement,0
57,212.26969,11,5,2.53,0,44,-34.99,73.52,94,Ouest,carte,0
91,62.389595,13,9,3.97,6,29,-18.46,13.37,88,Sud,carte,0
55,100.36281,7,11,7.43,7,4,19.64,90.46,64,Est,virement,0
78,215.104971,16,18,9.74,2,33,-28.9,63.89,57,Sud,prelevement,0
89,190.43421,9,20,1.31,10,34,63.68,39.04,99,Ouest,carte,0
46,181.182085,3,18,6.77,1,26,-25.1,69.81,96,Sud,carte,0
80,176.917608,7,3,4.13,5,13,53.88,84.8,33,Sud,prelevement,0
84,62.423468,9,NA,9.59,8,44,57.32,76.92,6,Nord,virement,0
87,152.006471,9,0,9.32,2,3,-29.7,93.44,15,Est,prelevement,0
29,162.083467,4,17,6.22,7,10,54.62,43.28,70,Sud,carte,0
38,60.727284,8,19,2.32,1,23,33.82,91.85,4,Sud,prelevement,0
39,152.537423,5,11,8.08,3,27,-29.13,43.48,59,Sud,virement,0
24,157.741752,0,14,9.23,10,0,11.8,15.03,40,Ouest,carte,0
18,24.692294,10,20,4.74,3,20,68.98,9.54,28,Nord,virement,1
96,55.184794,2,4,8.47,10,35,-15.5,24.77,60,Est,carte,0
14,215.561889,18,9,5.49,2,12,26.57,10.01,38,Nord,virement,0
38,193.135871,3,19,4.83,4,4,33.39,68.96,42,Nord,virement,0
17,200.625387,8,17,2.26,5,22,34.78,85.3,58,Nord,carte,0
27,111.078205,1,9,4.98,1,11,42.1,61.73,99,Nord,virement,0
40,71.351729,10,17,9.61,10,20,52.54,86.07,"33,00",Ouest,prelevement,0
24,76.551165,0,1,2.39,1,20,18.34,43.14,37,Est,virement,0
22,180.194343,15,5,6.2,1,0,-15.67,12.09,1,Nord,virement,0
7,103.532488,13,18,4.71,4,36,18.46,59.95,79,Nord,prelevement,0
96,53.243262,3,14,5.6,3,15,49.16,45.68,29,Ouest,prelevement,0
6,165.35812,17,6,6.25,4,41,21.59,74.55,33,Est,prelevement,0
33,57.020876,4,20,7.11,10,23,-18.79,73.99,83,Nord,virement,0
21,5.9159,16,1,9.9,0,33,6.62,13.74,60,Ouest,virement,0
53,166.786351,14,21,5.21,10,38,48.11,55.88,1,Est,carte,1
31,45.944494,14,21,8.8,6,2,40.66,36.16,20,Nord,carte,0
78,144.597896,13,12,1.48,0,33,0.48,48.93,100,Ouest,virement,0
92,137.704287,7,18,6.15,5,34,-19.11,79.84,73,Sud,prelevement,0
41,113.300509,5,15,8.11,2,4,-12.61,56.02,25,Sud,carte,0
74,183.270434,10,14,9.64,7,39,59.6,74.01,86,Nord,prelevement,0
46,137.443467,13,14,9.22,8,45,65.0,28.75,17,Sud,virement,0
4,182.244001,12,9,9.49,10,11,NA,95.37,52,Est,prelevement,0
66,161.384485,0,14,6.52,29.77,17,-34.29,53.97,34,Ouest,prelevement,0
28,24.13434,12,5,8.71,2,7,4.84,52.88,43,Nord,virement,0
29,179.581131,7,2,3.13,5,17,46.58,64.78,95,Nord,prelevement,0
75,210.20192,0,15,4.07,4,26,55.38,28.88,85,Ouest,virement,0
66,27.359137,15,7,2.13,3,29,-11.61,75.66,47,Est,carte,0
40,0,1,15,6.05,3,8,4.65,5.88,93,Est,prelevement,0
19,50.976022,16,18,2.82,0,0,-0.79,55.26,35,Nord,carte,1
92,0,8,14,3.62,2,16,55.82,8.01,16,Sud,prelevement,0
67,35.642203,11,8,2.25,6,3,-5.24,85.54,28,Sud,prelevement,1
19,0,14,12,3.47,9,33,-25.16,48.07,96,Est,prelevement,0
70,183.026651,11,17,5.0,6,23,-21.18,21.18,72,Sud,carte,0
77,62.137385,18,9,4.91,8,44,-2.33,75.03,21,Est,virement,0
88,99.527683,1,1,2.36,0,19,-15.55,35.23,11,Ouest,virement,0
79,94.370845,7,13,3.59,9,45,66.82,59.76,44,Est,virement,0
13,95.592518,11,6,2.17,0,17,49.05,49.52,68,Est,prelevement,0
55,135.945467,14,10,7.2,6,19,19.92,41.89,36,Ouest,prelevement,0
85,149.702858,11,9,5.1,6,20,37.06,25.32,65,Ouest,prelevement,0
11,62.638018,5,14,7.34,1,39,46.24,16.59,61,Sud,carte,0
62,70.708594,16,20,3.95,6,36,20.23,2.57,93,Est,carte,0
52,144.072281,15,2,5.18,1,24,-2.91,88.88,43,Ouest,prelevement,0
2,67.170958,8,11,2.05,10,27,-9.48,78.12,36,Sud,virement,0
27,146.909564,1,1,8.14,0,31,73.99,39.79,66,Est,prelevement,0
63,134.78008,7,15,1.44,2,12,14.52,31.69,98,Sud,carte,0
72,202.458887,16,14,7.89,9,39,8.95,89.97,56,Ouest,virement,0
52,220.718027,0,4,7.61,6,25,-3.27,33.01,2,Sud,carte,0
67,94.748836,17,20,3.81,1,17,72.52,65.31,60,Est,carte,0
89,23.666185,5,4,8.0,6,26,3.75,15.83,58,Nord,carte,0
84,69.93652,1,2,2.07,10,13,-9.48,68.12,43,Nord,prelevement,0
46,155.406871,15,4,5.26,3,36,47.3,85.01,14,Est,prelevement,0
20,105.81356,10,14,8.17,8,10,60.46,70.08,50,Nord,carte,0
50,99.499424,6,10,7.03,2,42,7.29,5.6,82,Est,prelevement,0
44,97.124515,10,6,3.36,4,6,19.64,46.88,87,Ouest,virement,0
73,186.323581,7,21,5.7,3,36,22.74,68.37,92,Sud,virement,0
81,177.724876,10,8,8.04,6,34,34.03,22.84,35,Sud,carte,0
63,49.823023,9,13,8.44,3,34,39.12,76.35,12,Ouest,carte,0
84,150.977134,8,21,5.96,10,8,-15.57,65.08,3,Nord,prelevement,0
56,155.224608,0,14,5.68,9,44,-2.26,73.23,69,Est,virement,0
7,195.722282,12,0,7.95,10,41,-14.47,5.43,57,Sud,carte,0
28,23.687143,3,21,5.86,5,31,59.96,4.76,27,Sud,carte,0
94,98.088627,5,14,7.75,8,15,47.25,93.92,39,Est,prelevement,1
84,83.565002,5,,7.2,2,43,8.02,24.63,65,Nord,carte,0
45,91.171564,9,6,6.14,9,6,-16.07,91.49,45,Nord,prelevement,0
5,12.864077,3,19,2.22,0,6,70.61,91.81,56,Nord,virement,0
7,157.567548,12,19,5.82,10,11,43.9,58.64,50,Est,prelevement,1
95,110.250959,10,19,7.12,4,7,16.22,76.33,0,Est,prelevement,0
80,30.653736,13,11,9.27,4,3,66.77,28.23,53,Nord,prelevement,0
55,188.894454,2,5,2.05,9,16,32.52,68.84,20,Ouest,virement,0
11,108.807656,18,18,5.09,3,10,6.39,18.07,0,Est,virement,0
41,217.049852,16,15,7.25,0,10,27.66,80.14,47,Sud,prelevement,0
4,77.382512,10,17,4.27,0,26,26.16,92.82,32,Nord,prelevement,0
66,79.457279,9,8,2.8,2,2,-24.62,91.85,74,Sud,virement,0
53,187.271493,17,17,4.78,0,42,31.87,49.86,78,Sud,carte,0
47,26.73042,1,1,8.53,6,23,1.02,32.38,52,Ouest,prelevement,0
81,115.137313,6,17,1.8,5,45,31.31,65.46,59,Est,virement,0
15,46.109762,17,1,1.64,8,36,43.19,38.97,57,Nord,prelevement,0
35,198.936351,6,3,9.24,7,31,-33.04,76.12,39,Ouest,virement,0
40,61.759974,4,20,3.25,0,40,-1.01,21.6,76,Sud,prelevement,0
76,75.690726,11,16,3.31,2,38,-14.66,72.22,81,Nord,prelevement,0
65,326.916863,14,NA,4.35,2,8,-11.17,58.61,67,Nord,virement,0
2,115.800501,18,17,5.35,7,2,57.54,5.89,76,Ouest,prelevement,1
54,56.21706,13,4,7.7,8,10,67.74,95.47,52,Ouest,prelevement,0
5,24.573597,18,10,7.44,3,28,74.37,17.17,14,Ouest,prelevement,0
24,242.528132,1,14,7.22,0,4,31.36,13.07,4,Sud,prelevement,0
41,51.152553,8,6,5.05,4,33,6.1,,91,Ouest,prelevement,1
30,95.549849,14,16,8.5,8,18,13.42,31.2,40,Est,prelevement,0
86,205.221482,16,18,6.76,0,18,16.39,67.03,81,Ouest,virement,0
35,159.042151,17,11,8.1,2,7,62.32,12.0,73,Nord,carte,0
60,198.990408,3,19,5.99,10,"31,00",-5.83,62.04,62,Sud,virement,0
95,187.554705,12,9,7.34,10,26,55.82,30.33,28,Sud,prelevement,0
51,91.668528,13,3,7.12,1,9,62.1,7.58,81,Ouest,virement,0
55,73.583425,10,11,5.28,9,2,8.98,26.54,94,Nord,prelevement,0
36,162.21506,15,1,3.57,0,17,-27.47,30.26,29,Sud,prelevement,0
40,169.886058,3,21,9.09,6,3,73.55,70.1,46,Est,carte,0
94,102.059743,7,3,3.79,3,40,8.0,86.7,55,Nord,carte,0
9,72.028751,0,12,9.21,9,5,64.33,55.94,94,Est,virement,0
54,40.771239,9,14,1.18,2,13,56.25,72.87,28,Nord,virement,0
36,176.29002,3,21,3.23,0,12,-6.39,9.67,52,Nord,virement,0
52,188.578882,11,13,5.75,2,42,18.7,33.23,68,Ouest,virement,0
86,125.180045,14,2,9.66,2,42,43.12,94.76,95,Est,carte,0
23,203.926189,10,2,6.74,5,21,26.82,74.46,20,Est,prelevement,0
