distance_km,poids_kg,volume_m3,cout_transport,delai_preparation_h,nb_points_passage,score_qualite_route,meteo_risque,promesse_delai_h,jour_semaine,transporteur,priorite,retard
2640.86,36.35,2.11,280.836179,41.16,1,90.73,86.12,73.79,1,T2,express,1
455.76,105.4,2.98,129.460005,38.93,18,19.67,63.86,18.44,5,T2,express,0
2697.13,48.47,2.54,152.427963,1.04,9,73.39,3.01,6.7,7,T2,standard,0
2374.28,53.02,1.05,253.757238,69.15,4,,92.35,97.9,4,T2,express,1
402.09,80.59,1.1,178.377664,26.86,17,66.23,10.08,16.53,7,T3,standard,0
945.42,107.07,1.06,280.849959,36.38,10,63.76,54.08,69.87,4,T3,express,0
1171.04,95.41,3.09,113.954358,3.58,15,84.5,82.93,14.41,4,T3,express,0
3179.33,85.15,0.89,253.734974,30.9,12,64.4,80.01,189.79,5,T2,standard,0
153.9,99.27,0.4,76.613674,44.47,15,12.49,3.71,226.9,6,T3,standard,1
2596.06,6.45,0.47,285.662729,46.44,7,80.74,12.16,164.9,4,T1,standard,0
2665.28,81.84,,149.836451,12.48,16,69.77,37.67,174.2,7,T2,standard,0
2639.38,5.09,0.96,241.315675,14.26,17,30.83,66.39,74.37,NA,T1,express,0
1117.69,4.79,0.87,104.20251,64.85,14,73.87,43.97,176.7,2,T1,express,0
1525.31,67.13,1.08,148.372074,14.38,13,36.81,99.62,207.76,2,T1,standard,0
3065.85,37.19,3.24,122.876085,16.58,4,17.08,95.56,124.83,4,T1,standard,1
71.26,99.49,2.91,188.601913,64.12,14,13.12,8.31,32.18,1,T3,express,1
1312.47,15.34,2.76,339.02405,47.55,15,18.63,88.5,190.38,6,T1,express,0
3151.28,65.54,2.65,155.603111,34.18,15,38.39,98.07,115.75,5,T3,standard,1
302.58,7.13,3.31,64.746444,24.76,15,69.41,12.23,69.57,2,T3,standard,0
1778.21,1.26,1.77,400.06804,22.99,1,49.96,30.02,208.17,5,T3,express,0
1923.14,54.48,0.77,41.456157,24.82,8,98.21,43.19,162.21,7,T1,standard,0
1049.23,29.33,0.73,253.744717,52.95,1,69.43,37.86,107.95,6,T3,express,0
,34.06,0.8,106.955462,58.04,10,99.09,3.17,23.34,1,T3,express,0
594.95,40.8,1.18,428.623735,50.79,14,73.39,98.95,26.88,7,T2,express,0
819.79,33.71,1.61,0,58.69,5,30.14,0.83,98.03,2,T2,standard,1
1922.53,109.99,0.92,310.361244,4.25,4,,81.09,71.72,4,T1,standard,1
1366.68,2.06,0.25,65.476865,37.94,6,66.35,81.27,174.97,1,T1,standard,0
2390.85,9.17,3.36,283.310447,31.25,3,26.4,92.77,61.66,4,T2,standard,0
1644.05,6.33,0.65,87.106854,47.88,2,97.3,49.24,213.35,5,T3,express,0
2465.99,84.26,2.05,270.519275,1.2,18,37.4,70.27,186.87,5,T3,standard,0
1481.88,62.64,2.01,203.934096,37.1,16,78.95,1.45,10.98,6,T1,standard,0
972.82,99.03,2.93,352.258745,12.13,12,51.83,60.35,37.54,3,T2,express,0
3061.96,87.82,2.36,244.949493,,6,18.63,81.89,54.78,1,T3,express,0
1009.6,37.92,2.49,124.214323,56.4,6,87.89,19.72,93.56,3,T1,standard,0
2965.46,69.94,3.4,477.223188,52.8,18,48.31,37.84,11.91,7,T3,standard,1
2619.71,38.85,2.65,91.478438,63.95,12,75.25,81.46,29.11,6,T1,express,0
879.72,82.29,3.38,277.066592,29.8,14,17.07,42.86,205.59,1,T2,standard,0
2121.62,61.93,2.74,393.774535,1.12,9,33.16,23.72,157.74,1,T2,standard,1
1046.82,48.11,1.35,415.760802,9.72,7,16.46,39.03,73.32,4,T3,express,0
,118.04,0.3,157.139703,43.39,13,98.53,71.05,152.69,1,T2,express,1
420.34,3.09,1.03,131.20111,46.9,8,94.24,82.07,77.99,4,T3,standard,0
850.59,46.73,0.35,135.110161,18.48,15,4.86,4.88,35.34,2,T3,standard,1
2023.46,109.45,2.71,217.559063,20.08,11,39.77,35.63,206.57,6,T1,standard,0
2787.09,99.04,1.61,191.862541,8.47,10,3.7,32.52,214.43,5,T1,standard,0
1947.53,10.3,3.03,138.472934,65.78,5,91.27,18.39,29.65,2,T3,standard,0
2422.3,42.67,0.03,412.306732,53.83,11,95.85,4.61,133.8,1,T1,standard,1
3164.83,60.8,1.7,166.857443,61.09,8,32.8,13.07,213.45,2,T2,express,1
1392.67,104.51,1.08,229.92039,70.53,17,94.16,19.23,221.31,6,T1,standard,1
540.11,92.76,1.37,264.294283,48.48,9,93.39,13.67,192.23,6,T1,standard,0
3155.42,93.16,2.01,191.40103,61.69,18,38.97,54.35,56.56,3,T1,express,0
1937.78,38.92,1.79,107.80582,61.58,5,21.89,28.78,141.53,3,T1,express,1
767.17,42.56,2.77,364.886517,25.35,18,6.74,80.76,218.51,5,T1,express,0
2186.77,64.55,1.58,125.946426,3.15,1,67.3,40.38,205.39,2,T2,standard,0
1248.39,20.64,3.29,169.385501,13.67,16,37.53,89.07,230.1,4,T3,express,0
1327.62,36.58,1.21,67.262726,50.83,18,5.1,61.39,226.87,5,T1,standard,1
2605.25,112.56,1.64,61.404685,48.71,18,37.97,71.01,129.06,3,T1,express,0
1360.06,43.04,1.25,100.862204,40.88,14,85.26,220.44,70.41,4,T1,express,0
2146.67,38.15,3.22,116.629201,70.68,18,2.63,98.72,65.18,1,T1,standard,1
1648.09,46.87,1.89,265.374746,70.94,18,26.77,67.17,215.35,5,T2,express,0
742.04,86.96,1.07,99.809026,38.84,16,71.74,8.98,192.94,2,T2,express,0
864.73,108.18,3.02,278.741093,53.72,17,11.1,58.95,70.19,5,T3,express,0
1150.28,31.58,0.34,166.108221,69.81,12,13.27,8.01,96.87,2,T1,express,0
3156.9,43.3,0.66,379.247886,2.56,3,97.67,38.44,180.66,7,T2,standard,0
1417.44,30.1,1.86,107.958115,68.41,18,45.57,82.92,87.32,7,T2,express,1
2568.7,106.32,0.05,413.727844,6.18,13,14.8,84.73,80.89,1,T2,express,0
663.28,19.71,1.23,375.536782,5.5,14,93.59,68.03,163.5,3,T2,standard,1
1950.25,4.56,2.91,8.218113,32.21,3,37.01,20.96,125.98,6,T3,standard,1
2760.31,12.03,1.93,279.481288,38.76,3,43.34,57.34,113.48,3,T2,express,0
177.22,25.56,0.88,103.594533,49.07,9,28.28,0.1,25.29,7,T3,express,0
2848.79,105.51,2.31,302.82337,16.71,12,81.6,36.11,27.32,5,T1,express,0
1613.59,72.27,2.04,74.174181,8.94,7,41.93,NA,50.63,4,T3,express,0
2599.01,25.95,2.91,177.244029,38.47,5,47.0,20.56,108.06,3,T1,express,0
2386.87,56.97,0.57,15.230892,45.69,4,93.96,52.1,158.58,5,T1,standard,0
3157.92,76.49,3.33,275.06737,43.74,6,50.15,97.57,83.5,3,T1,standard,1
1800.46,3.43,1.1,222.211528,63.97,17,40.29,76.87,103.56,5,T3,standard,0
2916.84,69.35,0.54,0,29.93,15,51.32,2.32,238.05,3,T2,standard,0
2302.17,74.08,0.34,99.882559,14.88,6,77.29,29.02,204.7,1,T1,express,1
2330.93,0.63,2.77,397.392521,17.77,10,64.96,54.47,199.31,3,T1,standard,1
1454.64,57.74,0.55,372.264585,53.23,12,30.55,69.27,19.46,5,T1,express,1
2710.53,109.65,2.67,0,14.15,16,12.69,25.52,171.84,2,T2,standard,0
1951.45,42.71,1.52,0,59.37,6,76.06,30.43,96.14,6,T1,standard,1
2160.82,91.76,2.1,270.319178,14.78,11,94.01,57.41,20.9,4,T2,standard,0
1280.47,85.06,2.43,434.671416,8.95,2,83.59,51.28,131.54,3,T2,express,0
2721.07,75.07,1.99,224.812588,44.41,10,42.09,96.23,163.2,3,T1,express,0
1202.15,25.61,1.66,413.047563,22.96,2,29.7,22.54,189.41,3,T1,standard,0
1339.56,73.57,2.05,422.133901,4.77,10,46.26,84.57,120.12,2,T2,express,0
599.46,33.21,1.55,426.785873,8.21,9,40.76,28.77,146.7,7,T1,express,0
598.05,7.24,0.27,176.89768,41.44,14,40.28,84.43,119.85,3,T1,standard,1
3080.16,96.43,2.43,246.256074,"5,31",4,51.4,14.98,82.84,3,T1,standard,0
3093.37,98.54,1.52,22.010334,63.35,12,73.96,84.1,60.11,1,T3,express,0
2960.94,68.05,0.39,330.353224,63.24,1,96.57,68.41,54.31,4,T2,express,0
1680.47,7.47,0.64,6.51385,36.26,3,80.49,26.31,215.26,2,T3,express,1
2200.17,38.82,1.91,269.781178,12.84,9,30.03,41.77,147.05,6,T1,standard,0
2852.34,108.79,0.85,209.525301,43.58,17,41.08,0.78,227.3,5,T3,express,0
1581.15,24.79,0.91,92.900202,4.06,16,85.22,70.64,48.68,5,T3,standard,1
376.03,57.61,3.13,126.63605,8.39,13,44.09,41.22,143.24,6,T1,standard,0
858.48,110.13,3.28,355.998218,37.11,9,66.06,65.39,111.63,,T2,standard,0
2170.44,72.37,0.96,388.000803,71.7,7,7.38,89.7,145.68,7,T2,standard,0
2650.94,108.34,0.57,174.209135,65.31,10,98.89,41.53,88.29,6,T2,standard,1
268.65,85.43,2.99,115.572665,58.28,4,51.39,91.41,139.72,7,T1,standard,1
1460.69,116.68,2.4,416.006419,29.43,18,58.78,12.81,98.41,5,T3,standard,1
992.62,114.61,3.48,56.300566,10.61,1,9.97,94.68,165.22,5,T2,express,0
814.91,118.98,2.99,39.189257,18.1,14,73.14,70.9,97.5,7,T1,standard,1
419.38,64.33,1.58,269.630502,5.32,11,79.78,9.21,102.07,2,T1,standard,1
744.29,111.74,1.01,116.658878,49.88,3,13.21,12.13,209.7,7,T2,standard,1
1788.79,103.57,0.59,224.443202,33.26,1,86.91,33.62,160.2,6,T3,standard,1
2698.85,20.42,2.79,404.027462,31.12,11,84.1,50.13,162.25,4,T2,standard,1
2343.46,50.06,0.68,329.251649,11.86,14,31.75,13.67,192.53,5,T3,standard,1
243.41,117.17,1.95,164.2066,22.94,11,55.48,15.11,68.84,1,T3,express,0
549.71,23.75,0.65,171.358686,51.89,4,47.85,46.09,239.0,3,T3,express,0
2388.47,78.18,0.37,370.128093,18.19,7,88.6,79.56,,3,T2,express,0
1300.04,113.91,0.35,325.436959,27.38,3,77.22,11.69,57.92,3,T1,express,0
2501.1,0.45,2.79,14.261489,17.1,7,64.39,21.85,175.33,6,T1,express,1
784.85,57.01,1.64,393.462704,6.32,12,34.38,51.43,124.29,4,T1,standard,0
1050.67,117.26,0.62,263.277363,29.71,15,39.21,81.97,228.84,5,T2,express,0
3142.8,99.0,1.21,359.952123,63.33,3,69.35,29.31,98.67,2,T2,standard,1
2468.53,49.63,2.19,106.680937,11.51,11,12.56,25.25,220.94,5,T1,express,1
848.21,98.14,2.82,176.139756,66.07,10,16.06,5.14,32.06,1,T1,standard,1
2542.2,59.79,1.03,145.845614,12.74,15,89.2,22.73,196.66,6,T1,express,0
2154.02,51.07,2.4,96.269385,36.42,9,2.46,36.34,108.14,4,T1,standard,0
2293.02,48.86,1.13,437.43532,23.89,1,83.32,84.87,70.27,5,T2,express,1
2432.47,49.66,0.8,568.347607,36.83,6,56.85,41.91,89.67,3,T2,standard,1
2303.01,31.56,3.21,403.644477,65.28,1,23.21,93.26,118.48,6,T3,standard,1
2051.61,47.54,2.11,205.49836,53.53,15,66.21,71.94,181.13,1,T3,standard,1
3103.44,51.75,1.33,227.88788,62.62,11,18.07,20.54,112.86,3,T1,express,1
358.17,85.06,1.11,132.732823,13.97,7,29.39,78.54,21.67,1,T1,standard,0
2933.76,16.52,1.73,379.126589,18.02,14,59.1,55.59,122.64,4,T1,standard,0
3170.05,36.89,0.88,396.745365,49.63,6,51.62,90.49,30.0,2,T1,standard,1
1656.57,63.52,1.86,448.408741,40.3,9,38.03,57.27,89.94,7,T2,standard,0
1286.58,68.78,0.4,357.6852,10.51,18,9.71,86.15,74.83,3,T2,standard,0
1499.2,112.11,1.15,395.238013,51.72,17,13.17,54.54,99.87,6,T2,standard,1
2769.82,101.3,2.36,115.297066,14.74,3,96.13,91.39,151.65,3,T3,standard,1
2260.05,74.98,0.09,234.176246,14.24,4,93.8,92.2,171.85,6,T2,express,0
1927.92,117.21,0.75,123.912982,71.32,7,5.38,12.1,185.21,5,T1,express,1
728.41,105.99,2.98,270.437884,42.88,12,15.55,23.32,113.14,4,T3,standard,0
2950.08,18.3,3.44,255.910754,43.69,16,9.34,67.79,170.6,5,T1,express,0
1741.78,37.76,2.12,404.262582,57.53,12,75.91,17.13,14.22,3,T1,standard,0
,95.08,0.46,146.358941,9.45,4,78.05,36.04,178.42,2,T3,express,0
1666.96,43.62,1.64,83.593326,58.17,8,33.89,49.18,164.4,3,T1,express,1
3057.5,81.09,2.5,242.815976,51.52,12,52.92,40.16,77.77,5,T1,standard,0
312.5,65.63,0.2,399.758987,44.35,4,3.84,70.15,108.15,1,T3,express,0
1702.57,7.85,0.72,57.112615,48.73,17,20.64,40.77,47.97,7,T3,express,0
1915.72,76.04,1.33,387.565074,26.06,3,58.44,0.59,121.78,2,T2,express,0
1303.82,65.02,2.39,178.754441,1.44,16,72.51,46.95,181.32,7,T3,standard,1
1264.52,26.4,2.65,475.607706,43.56,4,51.18,97.28,82.86,2,T1,express,0
535.25,84.52,1.26,0,31.6,14,15.72,40.18,31.91,5,T2,standard,1
945.12,97.8,1.33,345.549767,37.75,1,89.78,55.66,46.05,2,T2,standard,0
185.92,25.81,0.43,166.366034,68.85,17,71.35,67.65,91.14,6,T2,standard,0
2713.01,39.04,0.4,112.00286,51.68,9,60.25,55.55,83.73,2,T1,express,0
1308.27,61.05,0.73,0,64.16,6,53.32,22.54,169.67,5,T1,standard,0
1164.84,92.7,1.16,1.484389,23.23,10,71.9,75.27,228.91,5,T3,standard,0
2268.77,32.49,1.94,376.141352,41.81,6,50.64,10.81,9.19,6,T3,standard,1
2165.58,18.5,1.39,249.637156,65.15,11,73.01,3.92,171.92,7,T3,express,0
1858.95,11.36,2.99,93.626042,31.91,2,52.35,96.15,171.55,6,T2,express,0
2090.12,116.82,0.35,36.206308,60.24,4,57.23,83.77,124.31,2,T1,standard,1
2951.17,21.23,2.41,305.327788,28.55,18,62.52,21.13,75.91,3,T2,standard,0
1055.13,42.87,0.91,34.307302,63.6,14,84.16,11.54,218.14,1,T2,standard,0
70.22,17.27,3.26,417.93796,66.71,9,44.0,23.7,94.56,2,T1,express,0
2877.88,0.93,2.25,404.118626,61.8,1,70.05,54.3,46.55,4,T1,standard,1
1939.56,46.18,0.96,245.271805,32.65,9,39.48,34.47,141.28,3,T2,express,0
521.82,84.09,1.86,19.957176,31.2,18,73.13,59.47,83.05,3,T3,standard,0
3127.15,92.03,3.39,198.385703,36.49,14,36.91,78.45,179.08,3,T2,standard,0
1871.79,88.15,2.57,343.448335,46.6,1,16.51,66.61,58.62,2,T2,standard,0
2040.52,64.92,0.77,376.09368,40.91,7,97.47,40.58,47.42,4,T3,express,1
1885.33,42.9,1.68,298.134401,7.91,15,20.72,22.85,68.43,7,T3,express,1
2130.56,10.59,1.38,174.508295,46.15,7,39.3,56.44,192.59,4,T2,standard,1
1134.08,46.71,0.71,405.766207,28.49,10,61.11,86.12,117.04,4,T3,express,0
845.26,51.85,3.41,43.53533,59.88,7,NA,62.56,39.42,6,T1,express,0
2958.38,"61,78",2.32,372.078457,24.07,3,0.81,28.44,8.51,4,T2,standard,0
3163.99,14.32,1.95,241.451986,5.07,12,38.64,13.73,18.82,7,T1,standard,0
1262.76,8.5,2.13,457.870282,13.01,10,68.32,7.4,169.52,7,T1,standard,0
1414.84,102.97,0.29,156.485183,35.86,2,17.6,24.81,NA,6,T2,express,0
1084.93,52.12,0.96,284.915866,14.59,1,11.03,3.98,218.83,5,T1,standard,0
1119.08,102.08,1.58,257.517429,13.91,14,97.67,5.38,80.93,3,T2,express,0
237.92,15.04,0.4,371.023763,58.11,12,48.42,,179.07,7,T1,standard,1
2939.75,16.73,2.82,0,9.85,6,27.64,39.2,212.14,5,T1,standard,0
1917.51,3.08,0.18,241.623384,54.12,16,95.72,83.94,38.59,3,T1,standard,0
1517.51,68.12,2.4,238.860378,63.22,12,89.26,28.58,68.7,6,T1,standard,0
982.17,13.25,2.72,140.631821,22.58,3,62.82,47.73,88.83,2,T1,express,0
1195.3,19.67,1.39,47.1376,69.24,18,86.66,12.93,166.17,1,T1,standard,1
927.92,77.58,0.63,408.536511,4.58,5,57.06,68.89,162.03,3,T3,standard,0
157.84,37.63,2.19,146.895653,15.1,8,80.77,14.31,157.52,5,T1,standard,1
2982.68,18.98,0.98,5.165804,27.23,9,55.76,42.29,218.86,7,T3,express,1
2977.36,39.15,1.62,311.025532,52.04,6,91.94,37.33,17.52,1,T1,express,1
1639.85,71.24,0.25,249.859016,6.23,18,74.08,30.47,190.8,2,T3,standard,0
2430.92,65.81,1.06,319.375339,21.35,6,81.06,15.14,201.59,2,T2,express,0
2244.08,0.42,2.92,372.052771,32.89,7,18.98,94.74,22.82,7,T2,standard,1
1301.18,21.6,2.08,376.119915,61.12,4,13.7,32.6,110.79,4,T2,express,0
241.89,74.72,1.43,128.896946,9.33,9,59.21,2.04,106.99,3,T1,express,0
2730.32,16.45,2.77,4.471753,40.67,3,20.43,35.22,135.55,6,T2,express,0
792.43,33.21,0.51,135.791827,11.24,9,94.46,96.41,153.07,6,T2,standard,1
2680.56,5.3,2.08,242.23218,23.08,12,23.23,56.48,83.34,2,T1,standard,0
1900.89,0.27,1.56,400.809481,12.58,12,38.38,47.54,6.19,6,T1,standard,0
2492.87,26.71,2.91,392.138359,26.9,4,82.25,34.42,164.96,4,NA,express,1
1387.37,81.27,1.53,198.942681,46.92,4,26.67,72.24,,3,T2,express,0
2189.64,62.07,0.58,136.668373,40.34,5,32.56,32.26,123.18,1,T3,express,0
349.55,70.5,3.22,0,52.33,14,92.64,28.5,174.47,4,T3,express,0
2871.71,116.59,3.36,313.982089,5.46,2,90.09,82.18,164.72,1,T2,standard,1
485.95,49.1,3.24,168.356684,43.84,14,43.26,2.79,65.7,6,T1,standard,0
390.85,91.27,1.13,316.624275,58.43,11,91.51,75.17,,3,T3,express,0
1424.82,61.28,1.02,221.286539,43.09,2,0.34,71.5,205.59,1,T3,standard,0
1907.91,83.46,2.86,126.108208,48.28,14,29.9,39.63,102.37,4,T3,standard,0
1488.58,57.07,2.24,332.677833,36.3,18,1.44,61.44,127.23,1,T2,express,1
1152.7,98.04,1.12,95.953089,1.0,4,45.66,40.05,184.94,7,T1,express,0
1304.47,83.71,1.85,416.076219,55.16,5,27.04,52.28,116.33,3,T1,standard,1
2440.11,117.34,2.44,109.664909,34.54,2,46.68,29.09,178.52,2,T3,standard,0
2749.59,25.16,0.79,101.191286,51.22,"14,00",24.88,64.58,22.5,7,T1,express,1
1348.67,85.62,1.27,152.581203,6.82,9,25.17,6.8,124.76,4,T2,standard,0
1107.03,77.13,3.29,129.613018,67.46,8,32.56,90.25,88.32,2,T1,standard,0
3170.18,97.48,2.22,169.429904,30.47,10,19.13,46.96,83.59,7,T1,express,0
2510.12,17.91,3.13,267.781452,1.88,11,91.16,30.46,28.66,6,T1,standard,1
3039.9,61.06,2.91,281.430083,47.89,1,98.45,22.25,149.93,5,T3,express,1
2307.4,45.07,1.59,71.156722,20.1,17,12.25,50.86,91.15,3,T2,standard,0
1595.48,27.73,0.49,293.878862,326.36,3,38.5,98.04,227.73,7,T3,express,0
98.95,11.58,3.09,128.707898,13.72,16,40.21,60.8,211.09,1,T1,express,0
2749.85,99.55,0.14,430.395136,30.63,17,59.05,4.04,8.31,5,T3,express,0
2111.52,103.59,0.62,272.8078,48.34,4,15.62,25.7,197.53,3,T2,standard,0
1505.54,22.81,2.42,191.211635,39.06,16,83.53,58.53,18.84,5,T1,standard,0
1029.67,116.56,1.75,385.103583,70.14,16,56.97,95.58,84.28,7,T2,standard,0
278.93,105.27,3.49,0,3.33,12,83.03,55.34,152.52,7,T2,,0
573.13,107.55,3.09,310.125251,44.62,5,34.39,53.68,44.99,2,T2,express,0
715.6,53.95,0.34,86.447384,3.33,7,69.02,65.02,28.45,2,T2,standard,0
992.11,4.99,1.29,377.153028,21.99,13,13.67,15.64,238.77,5,T3,standard,1
2292.77,34.8,0.2,0,16.9,17,60.97,57.69,228.04,3,T2,standard,0
2907.43,92.38,0.35,67.429486,49.84,11,36.78,84.21,69.43,5,T3,standard,1
414.81,108.83,2.57,328.297504,,1,50.11,76.61,17.62,6,T1,standard,1
1332.12,44.34,1.54,279.422719,30.68,14,23.27,17.68,97.97,7,T1,express,0
2491.59,43.48,1.92,248.223665,9.04,8,50.06,92.55,210.64,1,T2,standard,0
515.5,12.93,0.97,460.192182,9.2,2,43.81,75.07,214.2,2,T3,express,1
1370.82,87.93,2.64,360.027349,0.51,17,51.09,90.83,231.02,5,T3,standard,1
2746.36,63.09,1.03,416.488162,21.45,18,82.6,9.15,155.86,3,T3,express,0
387.14,56.83,2.14,464.775024,48.52,6,37.28,86.35,33.54,7,T3,standard,0
240.88,6.53,3.39,340.191728,42.95,10,0.51,48.62,210.49,3,T2,express,0
1568.76,98.86,3.1,38.608159,25.51,14,43.19,69.71,214.45,3,T3,standard,0
940.04,100.83,0.04,15.924663,63.63,18,60.46,91.01,31.5,7,T2,standard,0
2110.05,87.51,2.72,369.238834,60.37,18,16.24,49.01,193.03,2,T2,express,1
1358.4,70.03,1.34,75.219405,6.84,18,55.61,5.74,224.31,7,T3,standard,0
2730.64,109.5,1.44,193.074469,9.28,11,65.1,87.95,139.42,4,T1,express,0
2757.67,91.63,1.22,198.609188,69.81,18,76.4,10.34,229.8,5,T3,standard,1
855.19,19.23,0.59,213.490865,67.13,11,44.38,47.3,194.74,5,T2,standard,0
2870.86,36.7,1.72,0,39.66,18,69.25,94.25,236.07,4,T3,standard,0
1577.34,61.35,3.3,358.620884,43.06,3,14.22,45.95,26.0,2,T3,express,0
3046.35,87.3,2.83,235.507731,0.75,5,88.31,98.16,43.65,1,T3,express,1
427.09,4.61,1.79,253.024245,44.13,10,93.33,87.79,171.84,1,T1,express,0
1247.81,93.25,2.06,227.712008,67.17,1,79.05,21.84,198.42,50.58,T1,express,0
809.09,32.59,0.08,24.938344,26.41,9,24.12,97.32,155.38,4,T3,standard,1
2346.12,90.49,2.89,191.055694,49.22,18,47.04,66.66,31.73,33.28,T3,express,0
703.17,25.4,1.54,302.243362,43.96,14,1.79,5.4,111.65,1,T2,standard,0
808.21,75.89,1.53,141.431401,55.26,1,34.62,51.11,155.31,5,T2,standard,0
82.89,58.65,1.5,46.121225,7.43,11,59.38,56.34,38.86,5,T3,standard,0
2059.92,115.47,3.07,131.136816,23.86,15,64.21,94.23,191.89,2,T3,express,0
2498.36,96.24,0.08,118.050223,30.89,8,23.8,66.64,12.54,3,T3,express,0
1802.37,118.22,1.42,139.535635,52.2,9,61.44,9.49,186.46,5,T1,standard,0
2864.37,79.3,3.31,28.011193,35.06,14,26.05,46.85,47.59,1,T1,standard,0
1655.78,48.55,0.63,407.308654,16.18,17,25.21,44.82,174.32,4,T1,express,1
3088.97,107.45,1.43,0,32.5,14,92.54,56.35,113.9,3,T1,express,0
492.01,5.25,3.31,106.299702,60.13,9,47.1,14.15,67.96,5,T2,standard,1
2473.27,40.02,0.86,53.20818,55.68,1,3.33,5.5,14.76,5,T3,standard,1
2360.63,119.92,0.57,44.960713,4.02,2,31.75,59.01,92.34,3,T1,standard,0
1792.46,92.91,2.63,305.706745,29.47,12,44.44,71.41,156.65,6,T3,express,0
1706.94,14.99,1.4,402.698277,41.08,3,14.72,43.57,210.93,5,T1,NA,1
23.93,58.02,2.6,25.366857,50.73,17,65.86,55.76,169.84,6,T1,standard,0
1855.4,16.89,2.08,88.482519,28.39,7,99.87,1.28,87.41,1,T3,express,1
2484.02,20.36,0.93,125.246221,0.76,11,85.3,52.74,179.19,2,T3,standard,1
2954.24,34.69,1.61,276.798814,62.57,1,72.67,75.61,221.15,1,T3,express,0
309.0,116.04,2.79,35.669376,21.95,2,11.29,66.56,10.14,4,T1,express,0
2413.39,46.21,2.79,117.768279,14.81,13,52.67,81.59,199.27,6,T3,standard,0
2335.94,97.6,2.0,274.601215,16.85,15,35.06,90.03,238.23,2,T3,express,0
2023.54,94.17,0.15,306.087726,54.34,8,9.06,92.15,101.28,6,T3,express,1
2579.36,118.26,2.62,207.00379,55.09,13,95.23,29.51,145.22,7,T3,express,1
215.26,119.24,1.95,349.686214,48.85,5,53.49,27.6,204.96,5,T1,standard,0
67.29,80.83,0.55,252.771327,0.9,4,78.22,27.59,226.5,6,T3,standard,0
1482.29,1.72,1.32,370.208153,4.07,12,54.35,90.45,28.74,6,T1,standard,0
2259.29,49.63,2.02,222.217343,48.42,17,5.92,97.11,74.64,6,T1,express,0
3149.7,,1.9,185.590357,10.42,14,98.48,33.68,128.61,6,T2,standard,0
543.09,54.59,0.1,117.629096,48.16,1,24.81,47.01,69.16,3,T3,express,0
3133.51,113.39,2.49,503.139964,21.94,4,89.45,36.38,147.57,3,T1,express,0
2039.87,8.81,0.95,133.947669,70.58,13,30.97,27.17,"138,27",2,T1,standard,0
1068.86,65.16,1.31,662.288321,61.42,18,52.92,17.56,194.53,3,T3,standard,0
373.77,65.93,3.25,428.619667,55.46,18,50.76,8.32,218.14,2,T3,standard,0
2815.44,76.49,3.2,179.867569,30.57,9,53.69,93.87,220.82,6,T1,standard,1
2067.27,13.39,1.12,86.421068,38.14,1,37.13,80.86,164.49,6,T3,standard,1
777.2,23.63,2.66,409.815009,67.72,4,86.34,45.35,198.54,5,T1,express,1
2061.62,4.58,2.37,495.402123,59.1,4,89.28,20.49,176.45,,T3,standard,1
2415.61,53.07,3.14,372.482234,14.86,1,12.38,66.71,236.68,4,T1,standard,1
1198.87,50.93,1.25,192.36783,21.36,2,54.66,76.36,98.75,7,T3,standard,1
3083.4,107.06,2.53,36.083743,9.88,13,13.62,86.67,211.32,7,T2,express,0
1037.79,91.68,0.58,476.918103,54.28,2,53.43,5.41,139.8,5,T3,express,1
2341.61,115.72,1.96,0,70.29,9,71.8,46.05,101.31,2,T1,express,1
1422.89,107.0,3.35,356.734467,8.17,17,28.54,85.92,35.27,6,T2,express,0
1000.69,53.02,0.84,248.790582,60.25,8,53.51,41.95,95.61,5,T2,standard,0
1340.36,76.99,1.98,249.627506,19.53,9,50.05,25.71,79.76,2,T2,express,1
3144.22,46.41,2.63,312.753303,28.64,5,85.29,41.78,173.28,1,T3,standard,1
2205.53,53.73,2.02,251.372492,64.57,11,84.83,61.97,120.04,2,T1,express,0
1806.26,62.1,3.43,371.222669,20.19,11,54.34,62.5,221.91,3,T1,express,1
2480.19,118.07,0.92,132.545409,13.16,17,72.15,37.72,84.54,6,T2,standard,0
2237.87,91.73,1.16,310.05957,20.67,6,7.79,85.12,41.57,4,T1,express,0
536.26,11.81,1.38,244.876934,10.04,7,21.22,77.72,79.79,6,T1,standard,0
1458.23,59.77,0.79,317.172618,54.14,7,42.07,67.8,56.4,5,T3,express,0
1842.58,19.19,3.38,176.808564,42.81,2,0.39,25.66,147.6,7,T1,express,0
1732.52,40.86,1.24,122.809575,7.54,9,84.95,91.57,20.9,5,T1,standard,0
2239.34,15.44,2.58,102.844314,56.05,5,86.19,98.12,93.11,4,T2,express,1
2044.63,58.39,1.04,651.642507,67.95,7,30.42,5.96,173.42,4,T1,express,0
688.72,67.6,3.01,284.017982,58.84,8,18.82,73.31,148.89,6,T2,express,0
791.21,84.6,0.77,236.766336,17.19,9,40.44,4.47,168.66,4,T3,standard,0
2199.56,2.06,2.77,268.501437,38.99,9,12.43,29.18,69.79,4,T3,standard,1
572.91,62.11,0.05,478.363594,NA,15,68.19,2.94,89.63,1,T2,standard,0
2889.47,20.88,1.83,258.387432,64.3,17,15.37,98.01,146.74,1,T2,standard,0
1642.31,19.78,NA,292.109365,42.66,9,58.86,75.39,224.29,7,T1,express,0
919.34,54.25,1.48,88.452032,69.28,1,21.41,55.04,41.76,4,T3,express,0
604.76,117.32,2.42,276.296411,50.57,8,96.91,49.96,119.32,1,T3,standard,1
2412.96,43.32,3.04,25.654053,36.2,13,86.41,78.32,135.6,7,T2,standard,0
480.71,119.11,2.45,320.051001,52.19,15,82.2,26.18,153.2,5,T1,express,0
1276.82,57.07,0.41,416.283525,4.69,4,23.58,36.47,80.75,5,T2,standard,0
1883.27,58.6,1.9,427.249389,57.69,6,99.87,48.29,13.19,5,T3,standard,0
1453.91,73.23,3.34,376.816111,44.51,11,21.64,91.47,193.13,2,T1,express,0
63.51,86.68,2.25,557.730855,56.41,8,0.12,84.41,131.37,3,T1,standard,0
661.13,111.59,3.43,350.759186,38.63,13,56.54,25.7,97.85,6,T2,express,0
1886.64,85.59,2.21,285.910154,49.82,10,33.38,50.92,40.45,6,T1,express,0
1682.08,4.25,1.93,22.496749,24.7,"1,00",8.63,43.68,7.06,3,T3,express,1
51.0,67.92,2.62,126.009918,21.05,17,18.37,47.38,46.54,4,T2,express,0
1948.81,82.74,1.6,110.995355,38.67,3,30.35,33.7,109.82,3,T3,express,1
520.44,97.21,1.83,0,7.1,13,33.92,57.91,31.52,6,T3,standard,0
2497.59,104.58,0.6,238.189137,53.99,3,71.33,5.82,181.62,1,T2,express,0
503.91,114.82,3.19,343.751113,58.07,12,7.48,22.45,121.93,7,T2,express,0
271.78,64.88,0.22,12.194704,25.5,4,45.35,96.16,23.54,4,T2,express,0
473.67,116.68,3.35,126.033703,26.16,7,5.31,26.06,47.58,5,T1,express,0
665.13,7.4,2.19,160.70169,46.71,8,30.31,95.47,206.26,1,T1,standard,1
664.5,7.98,0.57,235.24164,14.25,13,9.68,57.53,15.21,5,T1,standard,0
914.62,111.98,3.27,218.695486,4.33,8,13.72,34.89,206.38,3,T1,express,0
1105.71,37.4,1.28,387.502924,63.3,5,"18,04",23.55,11.79,6,T1,express,0
3087.75,3.37,1.44,103.240232,59.54,6,66.73,46.82,215.24,7,T2,express,1
2934.0,86.11,0.46,376.34095,25.94,1,31.49,10.44,71.81,5,T3,standard,1
2649.6,1.25,1.06,131.078142,9.97,10,47.81,21.31,39.45,2,T1,express,0
1227.86,55.38,1.99,229.584496,14.41,10,8.3,96.0,226.92,7,T1,standard,0
1392.31,56.05,0.78,252.741648,4.49,12,17.74,16.0,199.59,1,T2,express,0
1808.91,44.15,3.19,176.324173,50.29,8,87.34,56.42,117.21,2,T3,express,1
2700.87,4.45,3.44,22.532429,23.75,6,10.5,6.61,206.01,2,T2,express,0
642.05,58.89,3.34,0,62.58,8,51.18,98.12,180.65,4,T1,standard,0
2560.49,1.95,1.95,6.863537,12.2,10,77.13,71.11,110.19,5,T2,standard,1
1970.45,84.06,2.68,85.773065,41.87,11,62.1,27.27,55.81,7,T1,standard,0
72.67,16.11,1.25,175.674388,3.0,11,27.0,77.3,184.21,5,T2,standard,0
1297.86,73.05,0.43,255.443658,57.47,14,91.99,1.33,95.32,5,T3,express,1
856.69,48.05,1.7,327.092483,58.67,18,28.63,12.65,100.2,5,T3,express,0
526.27,24.03,1.52,313.756435,2.31,7,6.6,62.32,83.75,5,T1,express,0
903.42,95.8,1.18,181.989038,38.7,16,73.53,53.38,204.21,1,T1,express,0
2274.98,82.2,2.97,268.954994,47.7,18,80.19,74.81,108.74,2,T3,express,1
808.29,114.57,1.89,65.487943,19.7,13,12.62,97.31,208.39,4,T3,express,0
1000.34,52.81,0.9,0,51.38,17,94.97,22.52,239.0,6,T3,express,0
2457.31,40.97,2.24,425.480154,71.03,8,97.88,33.14,173.83,5,T3,standard,0
1458.32,21.25,1.38,292.617827,10.03,18,52.47,13.75,171.32,6,T3,standard,0
1712.35,54.51,3.0,375.078154,,3,91.51,94.88,203.49,1,T2,express,1
2530.49,90.9,3.03,129.775953,53.5,10,2.76,31.23,39.0,3,T3,standard,1
2467.17,61.44,1.63,390.728847,25.36,8,84.39,79.38,196.22,7,T2,express,0
1619.73,112.61,2.8,321.036635,17.99,1,61.51,79.24,32.58,6,T3,express,0
3134.05,61.47,2.44,213.07658,12.92,17,15.3,48.33,231.47,2,T1,express,0
1367.93,20.69,1.68,299.877972,66.88,11,77.9,37.32,162.81,6,T2,standard,0
286.05,18.41,0.04,14.170027,48.36,5,85.48,39.34,218.67,2,T2,standard,0
57.37,4.98,1.5,266.409152,24.41,12,36.86,89.24,210.16,7,T3,standard,0
1230.37,12.53,1.47,406.197511,28.58,14,44.56,38.97,180.47,4,T3,standard,0
2765.81,42.04,3.18,238.60102,2.92,3,85.68,47.09,,6,T3,standard,1
1205.33,48.77,1.79,179.030845,60.27,6,14.37,68.69,49.82,5,T2,standard,1
1044.83,40.82,1.8,313.844164,5.97,12,84.86,77.54,183.9,7,T2,express,0
2062.39,98.88,2.23,142.184767,51.26,4,75.8,84.83,53.8,5,T2,express,1
293.35,61.54,0.94,269.029767,69.13,1,96.06,90.18,157.6,1,T2,express,0
200.57,29.27,1.23,191.5709,17.04,4,20.7,85.72,186.68,3,T2,standard,1
389.85,10.43,2.23,86.518468,14.41,5,87.88,90.69,220.16,4,T3,express,0
2799.45,97.58,0.17,398.798474,61.98,4,88.81,72.18,206.41,7,T3,standard,0
36.81,13.38,3.04,100.390577,27.59,18,34.4,90.03,59.67,7,T2,standard,0
3132.72,10.08,3.01,478.049181,47.76,8,18.08,48.03,195.12,6,T2,standard,0
3096.35,50.78,3.33,10.086461,27.69,8,13.04,79.03,176.7,6,T3,standard,1
1132.42,42.78,1.65,0,12.22,13,75.79,21.19,137.25,5,T3,express,0
1883.64,116.63,1.78,164.369677,40.48,15,8.93,43.75,174.42,3,T2,express,1
1125.68,111.83,3.08,20.03026,53.17,4,29.01,43.21,183.77,1,T2,express,1
1144.96,103.1,2.84,150.845431,11.3,18,52.77,47.34,191.6,5,T3,standard,0
2233.77,38.45,2.74,382.885184,50.11,6,49.81,89.36,101.48,6,T3,standard,0
2726.28,75.64,2.28,323.697278,64.24,10,86.25,64.51,120.29,3,T3,standard,1
707.78,70.03,1.38,201.030365,59.86,9,50.6,,165.17,5,T2,standard,1
2854.3,117.78,2.44,46.688277,4.67,13,57.79,58.98,39.9,4,T3,standard,0
3071.07,28.02,0.6,82.059592,5.27,10,71.43,35.08,73.91,7,T3,standard,0
471.91,38.42,0.37,420.797881,15.99,16,98.9,72.92,83.54,1,T2,standard,0
2483.23,115.06,0.93,82.120143,37.52,16,41.41,84.16,121.74,1,T3,express,0
3161.21,32.14,2.95,139.786954,53.41,16,4.86,91.3,133.88,2,T3,express,0
1530.14,30.25,3.28,21.84871,54.75,9,83.79,22.28,98.37,4,T2,express,1
1394.24,17.31,1.54,232.353101,7.88,11,46.82,52.37,238.73,2,T1,express,0
1882.6,68.08,0.25,35.508639,5.76,1,97.97,44.69,181.15,2,T1,express,0
1772.21,24.95,1.24,14.733394,6.59,4,25.25,49.85,143.61,1,T2,standard,1
1114.31,92.57,1.22,107.092182,47.82,10,84.91,57.26,185.3,6,T1,standard,0
1100.02,101.37,1.53,271.257902,20.64,7,71.19,26.85,71.18,1,T2,standard,0
366.03,79.15,0.28,998.055537,31.54,7,35.64,40.62,57.82,3,T3,express,0
1726.1,74.9,1.04,140.448841,68.79,2,38.01,63.07,198.17,6,T1,standard,1
1287.75,51.06,2.24,357.700038,37.27,4,37.02,77.07,101.14,2,T1,standard,0
2721.02,114.29,0.61,373.296736,52.02,16,18.03,87.63,215.26,6,T2,express,0
2139.74,71.3,0.03,61.130819,1.33,15,83.59,94.8,90.92,5,T3,express,0
2051.4,60.56,0.84,266.381052,24.45,13,51.19,47.06,49.01,7,T2,express,1
936.79,107.91,0.79,177.03258,36.3,5,23.55,6.81,12.99,4,T3,standard,0
2824.38,53.85,0.17,398.700045,60.65,12,86.98,43.37,219.58,7,T3,standard,0
989.81,95.33,1.22,308.614428,54.91,14,14.67,25.27,72.61,6,T1,express,0
712.73,52.57,3.22,284.698638,63.19,11,42.46,74.17,217.7,5,T3,express,1
105.21,42.19,0.58,325.587849,43.78,18,28.38,27.89,129.75,5,T2,standard,1
2807.25,10.14,0.36,61.510124,26.87,13,43.89,68.31,43.94,1,T2,express,0
3052.49,14.22,0.82,0,22.2,1,26.34,91.56,160.32,1,T2,standard,0
2581.32,17.15,0.99,437.553506,18.76,13,91.41,16.95,229.05,1,T3,standard,0
2336.3,92.63,0.03,249.762473,35.6,13,77.77,92.11,106.94,7,T2,standard,0
862.59,96.96,1.46,472.834119,15.38,4,43.99,74.24,28.05,1,,standard,0
2431.3,58.14,1.87,102.228771,65.79,12,92.2,12.13,155.23,5,T3,express,0
569.38,7.79,3.28,240.516817,6.44,13,52.77,27.81,216.37,4,T3,standard,0
635.23,23.01,2.89,405.007776,26.32,15,44.18,7.13,20.12,5,T1,express,0
1415.17,72.17,3.26,440.31642,55.35,7,58.64,71.39,73.43,4,T2,express,0
2560.33,65.2,3.25,354.271653,22.82,14,68.71,4.68,83.27,6,T1,express,0
792.52,102.97,1.25,514.126983,22.37,4,95.26,96.72,86.03,6,T3,standard,0
1017.99,79.81,3.04,78.774461,63.74,14,57.68,0.99,163.49,6,T3,express,1
416.45,85.42,0.24,186.212009,13.01,7,85.73,9.0,137.58,6,T1,express,1
671.86,65.22,2.25,259.349213,2.86,6,57.84,38.87,,3,T2,express,0
1122.06,110.25,0.05,140.244862,31.91,13,45.32,35.03,233.83,1,T2,express,0
2724.43,60.1,2.63,291.286138,9.74,11,91.78,64.12,25.06,7,T1,express,0
864.44,30.0,2.3,287.176768,5.98,7,68.5,29.11,115.33,7,T2,express,0
2081.61,97.76,1.42,104.052358,21.31,4,61.13,20.14,49.56,2,T2,express,0
3151.39,48.93,0.62,378.274883,57.31,3,81.53,72.97,99.26,7,T3,express,1
2084.17,4.42,3.49,292.234164,67.46,6,15.36,73.47,115.52,2,T1,standard,0
1653.9,30.44,0.69,0,33.27,"6,00",81.0,31.73,64.4,4,T1,standard,1
2238.55,85.22,0.84,165.020019,26.14,11,15.45,35.98,7.33,6,T1,express,0
556.16,0.83,3.39,46.920988,23.11,7,67.69,74.56,87.0,3,T2,express,0
1131.67,95.77,3.2,398.304707,54.13,12,46.72,44.01,139.08,1,T2,standard,0
556.86,56.5,1.93,372.999176,60.92,4,41.54,94.16,110.77,7,T3,standard,0
2330.68,16.72,0.21,146.464811,64.79,5,43.66,10.96,218.11,1,T3,standard,1
1746.59,70.45,0.13,450.339777,35.85,1,80.78,62.53,97.92,5,T3,standard,1
631.39,20.76,0.37,185.928421,122.33,2,8.28,81.74,41.49,4,T1,standard,1
2400.78,31.96,0.96,364.998583,10.49,3,82.67,78.69,63.44,2,T1,standard,0
715.2,119.38,2.53,157.147609,34.87,3,68.72,91.49,232.11,7,T1,express,0
482.5,50.31,1.5,315.182376,51.06,18,75.22,36.81,104.24,1,T3,express,1
2815.56,33.62,1.61,156.43475,66.8,14,48.61,92.89,106.44,1,T2,express,0
2584.19,57.59,0.96,149.573499,44.47,14,80.63,"90,64",111.6,1,T2,express,0
1368.88,86.85,0.14,0,25.9,6,13.71,95.63,204.17,1,T3,express,0
1071.95,23.32,3.35,268.471722,19.12,8,15.11,72.81,230.99,2,T1,express,0
596.46,119.63,1.43,209.327945,41.39,2,39.29,42.73,204.44,4,T2,express,1
2495.54,61.36,2.39,61.599416,34.05,10,7.57,25.02,146.13,3,T3,,0
432.86,116.17,1.91,31.180425,6.2,15,79.62,61.74,38.37,4,T2,express,1
2228.92,38.95,1.31,282.006889,29.71,11,26.21,21.54,122.73,2,T2,express,0
1226.15,102.21,2.61,309.824391,16.65,10,34.35,64.78,51.13,1,T1,express,0
2997.68,10.53,0.25,365.764308,13.03,12,10.96,52.88,66.51,7,T2,express,1
566.86,26.74,2.33,223.312573,69.47,11,81.64,41.08,52.85,4,T3,standard,0
2701.35,28.12,0.54,105.947182,40.99,18,53.73,80.29,74.67,4,T3,standard,0
2922.88,82.73,2.04,404.737451,45.89,13,93.97,41.25,106.64,7,T3,express,1
1900.39,46.1,2.94,374.957232,49.24,15,76.4,51.38,210.54,5,T3,express,1
485.16,118.98,2.63,300.894465,71.61,9,30.06,52.06,6.38,7,T3,standard,0
575.96,107.14,0.33,397.564104,1.88,2,39.36,26.58,78.68,6,T3,express,0
162.48,83.25,1.95,279.156198,69.16,5,26.89,21.29,56.22,3,T3,standard,0
2016.19,107.35,3.38,217.214419,13.08,3,12.4,92.2,159.53,3,T3,standard,0
2786.05,118.42,1.26,207.348346,52.47,12,98.96,21.29,103.51,1,T1,express,0
2062.41,19.29,1.88,290.15423,35.17,11,67.88,428.02,145.22,4,T2,standard,0
1057.05,22.68,0.95,349.002982,13.78,6,69.26,40.52,202.4,4,T3,standard,0
1295.9,35.89,0.76,363.884855,25.08,10,77.76,39.57,154.81,,T3,express,0
1313.09,67.09,1.37,175.603615,6.15,8,3.94,96.61,83.81,2,T2,standard,0
230.85,96.12,0.7,107.383847,6.42,5,,66.0,56.61,2,T2,express,0
927.11,87.47,1.61,342.625738,62.59,14,96.59,62.2,24.24,1,T1,standard,0
1587.82,87.5,1.11,49.10149,42.99,1,44.79,23.69,226.93,2,T1,standard,0
399.74,81.7,2.17,354.108204,39.36,4,38.91,89.32,99.7,3,T2,standard,1
645.9,5.94,1.02,79.082323,3.6,16,"64,71",13.14,233.51,4,T3,standard,0
677.05,72.7,0.46,375.266618,56.43,13,29.92,53.85,150.38,3,T3,standard,0
3093.63,17.39,1.01,152.138447,60.39,11,73.04,68.98,27.61,1,T2,express,1
3179.28,106.19,2.07,70.03984,38.02,3,65.65,18.8,107.89,3,T1,express,1
1003.29,6.3,2.3,274.24012,70.55,18,38.97,61.93,78.33,2,T3,express,0
880.1,108.81,3.22,138.361036,37.97,8,10.54,51.97,175.54,3,T3,express,1
392.28,106.42,3.2,283.296639,66.69,4,99.26,80.02,90.83,6,T1,express,0
1835.06,84.68,1.44,251.173376,6.18,16,78.91,20.1,155.9,7,T3,standard,0
3104.42,9.8,2.61,445.37386,14.31,15,0.18,56.19,109.42,6,T1,express,0
2509.76,82.6,1.12,191.954566,64.06,10,29.14,74.85,24.81,5,T3,express,1
718.34,119.84,0.0,200.951523,8.57,4,98.17,58.54,209.2,7,T1,standard,0
,47.84,0.67,55.776588,58.17,5,17.66,95.99,176.19,5,T3,express,0
1853.52,90.41,2.5,136.847997,42.23,9,89.12,72.7,107.47,3,T2,express,1
,53.4,2.96,332.172625,28.06,11,16.05,78.83,216.23,2,T2,express,0
40.64,35.5,3.32,362.48091,23.77,10,65.07,26.19,227.04,3,T3,standard,0
1806.0,25.77,0.42,49.433607,49.83,8,28.39,37.84,200.88,2,T2,express,0
921.7,32.8,0.9,197.248999,46.58,16,88.62,37.47,138.8,1,T1,standard,0
1354.48,42.48,3.46,442.700988,45.02,16,230.39,76.16,93.96,5,T2,express,0
2831.37,118.68,0.08,238.190751,58.91,10,61.92,55.48,75.67,5,T3,express,0
317.23,22.77,0.79,172.838834,43.93,1,59.58,73.1,95.92,7,T3,standard,1
1643.29,99.89,0.86,279.166409,62.4,17,68.51,46.49,105.69,7,T3,standard,1
2746.42,42.81,3.07,309.842325,"37,44",18,84.08,41.62,19.81,4,T1,express,1
2207.61,104.96,3.14,163.692285,37.86,18,97.08,63.74,236.56,4,T3,express,0
1000.83,36.89,2.78,225.326499,70.06,14,83.15,74.54,56.65,1,T1,express,0
2153.93,115.65,2.47,380.298899,,9,47.74,32.23,197.31,3,T3,standard,0
1169.32,110.88,1.39,411.628749,1.1,15,78.68,6.75,39.94,7,T3,express,0
1512.79,72.58,2.35,268.912163,65.05,5,"22,06",39.06,32.6,5,T2,express,0
1195.52,84.08,2.8,130.965296,71.06,16,31.46,85.85,134.97,1,T3,express,0
3031.23,74.07,1.71,22.343143,33.61,10,93.98,75.5,13.51,2,T2,express,0
400.21,72.24,15.58,11.27682,12.28,4,1.3,86.95,186.04,7,T3,express,0
333.78,33.57,0.49,6.072659,3.45,13,9.35,42.74,26.78,5,T3,express,0
1071.33,84.51,2.07,86.113664,70.84,16,37.92,16.64,58.49,7,T1,express,0
1602.2,100.81,0.19,385.501591,47.29,2,47.16,25.06,117.4,4,T2,express,0
183.4,77.14,1.12,311.541652,28.75,7,19.15,29.09,157.32,2,T3,standard,0
2626.49,77.99,0.92,282.515195,44.97,16,66.47,13.29,47.9,4,T3,express,0
2470.34,72.4,0.11,165.259128,20.69,10,6.83,32.51,87.92,6,T1,express,0
2500.2,68.78,,158.50101,10.99,1,90.95,12.3,213.19,7,T1,standard,1
1838.75,47.14,3.04,211.312361,46.41,16,58.41,3.12,14.08,3,T3,standard,0
1948.7,80.96,0.96,389.905328,25.57,12,77.02,98.33,158.17,2,T2,express,0
1382.67,24.6,1.1,247.336244,48.95,8,,25.46,82.45,3,T1,express,0
929.72,114.05,2.26,254.353906,31.04,12,8.57,48.17,185.46,1,T3,standard,0
3065.21,92.65,1.84,104.0279,33.22,13,58.36,73.75,11.69,7,T2,express,0
692.63,56.34,2.95,173.837835,12.1,14,46.86,56.72,47.21,4,T3,express,0
676.81,34.23,1.78,308.033875,51.58,4,73.37,98.81,171.79,6,T3,express,0
2753.31,33.52,2.44,174.332848,28.43,1,34.43,91.93,215.89,7,T2,standard,0
3134.82,58.37,1.07,0,5.3,11,93.06,44.66,65.19,1,T2,standard,1
NA,107.76,1.73,201.283046,52.29,15,8.47,62.24,233.45,5,T2,standard,1
2872.11,19.27,1.11,138.897081,22.54,2,99.2,3.67,62.92,3,T1,express,0
2822.9,100.87,3.5,194.948661,44.14,9,0.99,37.56,232.26,1,T1,express,0
1167.6,44.16,2.32,371.558119,47.36,9,47.19,74.38,77.72,6,T1,standard,0
1329.48,96.71,3.49,331.83757,1.24,11,63.56,50.86,94.2,3,T3,standard,0
3154.41,52.08,1.32,361.682358,71.48,3,NA,81.45,168.89,1,T2,express,1
2019.62,115.38,2.69,190.468647,65.55,12,22.47,80.82,79.84,7,T2,express,0
1872.35,68.66,0.88,101.413758,23.73,4,26.65,63.44,202.49,3,T3,standard,0
1915.81,52.71,1.82,182.31963,10.38,13,5.82,50.08,228.16,2,T2,express,0
3151.22,5.61,2.0,114.606569,13.48,13,60.18,98.68,166.76,7,T2,standard,1
1413.85,58.08,2.76,171.479415,33.05,11,55.8,74.99,161.33,5,T3,express,1
1157.02,104.33,1.71,182.051976,40.79,3,18.09,81.21,141.82,5,T1,standard,1
1717.0,47.41,0.99,381.047736,64.44,13,38.24,93.36,93.54,7,T3,standard,1
2007.3,72.12,1.73,390.378487,66.08,11,73.57,20.66,116.24,6,T2,standard,0
802.87,12.31,1.44,134.946569,11.39,13,69.99,76.41,121.74,4,T1,express,1
480.57,79.22,0.74,100.704614,54.46,13,50.74,85.24,147.27,6,T3,express,0
2156.31,104.59,1.47,109.006992,34.87,17,60.95,52.77,88.09,5,T3,express,0
2160.32,9.91,2.0,351.039229,37.78,16,41.67,30.49,58.29,5,T2,express,0
2690.09,4.59,0.89,311.482898,44.67,10,94.43,82.53,156.53,1,T2,express,1
2213.14,81.5,1.1,366.043097,46.29,7,72.66,,43.66,1,T1,express,1
2851.73,21.77,0.8,153.357258,48.18,11,54.62,83.45,138.8,3,T2,express,1
2089.48,38.86,2.1,92.483222,33.39,16,83.27,72.39,111.5,5,T3,standard,0
2364.17,111.78,3.2,6.587177,2.86,6,1.79,81.72,202.06,19.51,T2,express,0
449.4,110.85,2.84,65.328,69.06,13,95.62,0.55,237.62,6,T1,express,0
3007.08,112.26,0.13,122.202668,40.0,10,19.19,24.99,204.62,7,T1,standard,0
203.15,20.75,1.23,65.964875,50.77,16,4.07,40.71,202.63,4,T3,express,0
1354.34,35.33,0.47,340.855946,56.96,13,1.72,34.97,237.96,2,T2,standard,0
2068.52,83.1,0.05,382.784271,26.05,1,18.03,77.57,98.84,5,T1,express,0
473.87,34.46,3.37,148.397539,7.77,7,16.76,43.21,236.59,1,T2,standard,0
2958.68,98.96,3.1,314.742396,53.92,9,57.35,72.33,181.47,4,T1,standard,0
1035.65,30.24,2.89,77.258076,32.45,18,85.17,11.58,107.31,5,T2,standard,0
1974.94,38.38,2.39,277.939957,53.05,6,62.8,13.42,45.91,1,T2,standard,0
1732.38,16.33,1.18,52.701859,20.78,10,50.34,73.63,175.06,5,T3,express,1
802.02,49.45,0.33,313.358557,37.03,10,8.08,56.01,179.74,2,T1,standard,0
576.48,88.06,0.66,190.851219,65.99,"15,00",91.79,38.43,128.24,5,T3,standard,1
205.76,113.02,3.37,271.240988,45.01,3,81.67,6.75,127.15,2,T1,express,0
3049.46,53.4,1.27,91.311777,25.4,13,80.41,64.93,201.4,7,T2,express,0
3031.15,59.11,0.62,397.175968,6.96,7,57.68,92.67,23.94,7,T3,express,0
35.04,30.03,2.91,251.651848,56.99,3,89.89,6.63,123.05,7,T2,standard,1
1198.17,94.66,2.18,154.522656,16.8,14,39.55,50.49,121.92,6,T2,express,0
3145.17,0.25,1.38,198.753772,60.17,12,59.49,11.12,116.29,4,T3,express,0
1756.48,93.63,3.33,292.864923,8.23,9,83.59,10.55,34.13,3,T3,standard,1
2042.92,44.74,2.72,201.675632,39.38,1,83.73,9.51,80.38,3,T3,standard,0
2405.45,67.49,1.44,22.558741,59.18,6,92.1,32.39,83.33,2,T3,standard,0
2343.72,94.94,1.88,148.766665,52.31,16,79.32,28.42,158.84,6,T1,express,0
1763.51,92.66,2.71,90.71264,12.66,8,32.88,24.84,152.54,7,T1,standard,0
1031.1,40.28,0.91,99.7889,36.11,15,14.91,65.31,40.2,4,T2,express,0
1528.72,46.64,0.02,301.312153,19.47,9,90.82,28.5,24.34,1,T2,express,0
788.62,114.92,2.74,213.944822,46.57,15,60.88,12.14,175.86,7,T3,express,0
1048.02,72.26,1.81,185.806597,27.74,6,37.16,83.19,146.6,3,T3,standard,0
245.26,37.64,2.78,527.402072,17.67,17,57.54,67.81,59.24,7,T3,express,0
1872.73,71.01,3.43,124.239235,16.39,17,31.6,32.7,186.12,1,T2,standard,0
1509.46,50.2,3.18,219.458891,54.71,11,32.01,49.4,209.28,7,,standard,1
2560.14,0.84,1.73,250.189535,40.75,10,44.86,36.39,106.93,3,T3,standard,1
161.93,77.83,0.18,153.793443,53.7,3,98.32,95.92,79.51,4,T2,express,0
994.74,46.89,0.97,0,18.61,13,52.25,,150.75,3,T2,express,0
772.93,73.85,3.39,161.285015,38.65,18,21.72,75.03,175.85,3,T2,express,0
191.37,108.86,2.56,358.687866,12.88,6,16.27,97.53,15.09,3,T3,express,0
2434.02,24.7,2.03,813.562656,16.69,3,75.91,38.45,92.43,1,T1,express,0
2495.34,118.76,1.56,262.148269,16.14,10,80.31,50.02,136.94,6,T3,express,0
1770.93,101.64,0.41,122.00653,65.96,5,83.06,40.79,106.13,6,T1,express,1
2864.81,36.92,2.37,36.798125,37.62,17,89.97,89.17,211.07,2,T1,express,0
248.8,107.28,1.59,349.35247,10.55,11,83.83,86.2,196.69,4,T3,standard,0
683.27,0.96,2.63,184.290084,62.02,14,4.18,56.72,133.3,3,,standard,0
2298.16,8.9,2.58,438.612355,48.69,16,81.78,20.81,228.19,1,T2,express,0
416.92,73.94,1.03,291.127163,31.8,1,80.02,13.86,226.14,4,T3,express,0
2824.77,95.68,3.33,374.422455,19.66,12,68.64,44.37,55.93,3,T2,express,0
2268.51,35.04,21.56,69.120363,66.07,9,28.65,8.38,21.39,2,T1,standard,1
970.55,50.84,0.74,190.975038,70.18,18,20.41,44.26,118.68,1,T2,express,0
1898.69,34.39,2.06,213.619177,16.16,10,5.63,53.54,188.35,4,T2,standard,1
1265.82,41.26,0.17,379.224059,68.17,16,11.0,33.52,233.42,2,T1,express,0
974.32,117.26,0.39,232.951607,44.11,18.23,41.88,83.85,146.44,2,T1,express,1
3110.66,58.41,0.51,306.507943,30.82,15,79.11,15.75,22.5,7,T1,express,1
1361.65,10.43,2.96,168.013913,55.75,4,40.88,0.55,12.3,7,T2,standard,0
587.99,102.28,0.51,471.749802,5.85,15,58.51,75.63,83.68,7,T1,express,0
2918.05,21.94,2.1,266.251545,42.59,13,6.98,67.79,84.98,5,T2,express,1
2393.62,96.65,2.78,472.67092,22.14,1,90.08,10.46,141.15,2,T3,standard,1
1419.64,119.46,2.57,249.92691,5.93,18,54.31,46.06,37.36,1,T1,express,1
2948.82,70.38,2.57,46.841859,47.37,7,48.51,13.12,65.55,4,T3,express,0
106.61,97.62,3.16,282.629077,44.1,11,26.5,53.88,176.25,1,T2,standard,0
292.18,16.81,3.18,141.568351,37.57,11,17.1,22.23,155.15,7,T3,standard,0
2757.85,89.86,1.51,160.83959,34.85,2,59.87,9.52,170.19,7,T2,express,0
89.51,20.39,2.7,386.369484,51.11,3,26.63,72.78,52.36,3,T1,standard,0
1858.42,92.57,0.87,70.678939,20.76,11,91.76,22.24,239.33,4,T3,standard,1
1017.36,88.51,3.5,465.479511,50.58,13,42.73,78.06,160.51,NA,T1,express,0
404.07,87.91,0.3,72.09931,58.42,18,66.42,63.32,86.46,6,T2,express,0
2593.3,74.17,2.09,295.649339,7.35,11,27.49,91.46,207.04,2,T2,express,0
1984.9,81.63,1.04,270.531563,17.87,4,2.36,5.11,113.4,3,T2,express,0
376.46,80.73,1.61,134.748558,28.19,2,70.23,0.02,78.86,6,T1,express,1
849.37,34.94,0.38,88.944604,51.63,15,48.87,61.21,124.77,4,T1,standard,0
2868.1,31.78,2.49,318.873513,49.76,3,55.0,42.8,76.0,4,T1,standard,0
594.01,57.55,1.24,409.996591,17.89,3,66.63,94.57,50.96,5,T1,express,0
2506.53,16.14,0.97,0,13.8,2,56.02,89.66,202.8,1,T3,standard,0
1173.57,37.02,1.06,128.832949,2.08,17,13.92,27.18,238.71,2,T3,standard,0
2559.54,93.05,2.15,295.611347,23.12,10,85.96,3.47,86.71,2,T2,express,0
1246.29,58.53,0.41,160.305117,56.12,18,87.25,96.24,130.11,4,T2,standard,1
749.86,41.47,0.69,122.168367,2.57,9,30.52,70.49,169.71,4,T1,express,0
273.18,83.83,0.68,287.02423,20.61,15,19.04,20.01,204.49,2,T3,express,0
1162.85,97.55,2.78,317.805858,15.43,17,1.72,23.53,130.75,1,T3,express,0
631.29,17.14,3.03,198.155862,25.28,7,67.66,32.48,175.28,1,T1,express,0
591.73,18.29,3.49,341.229275,58.83,14,18.95,95.24,90.45,4,T2,express,0
,78.89,0.66,246.79478,46.63,9,7.58,24.12,52.68,2,T1,express,0
2381.4,98.61,0.58,141.507537,36.5,16,65.22,56.53,117.63,3,T3,express,0
1233.71,67.14,1.26,235.176087,37.72,3,82.88,93.53,63.63,1,T3,standard,0
2002.08,8.46,0.92,205.422373,47.0,7,24.9,71.21,121.62,4,T1,standard,1
2511.22,21.28,0.63,97.319264,37.0,3,55.85,69.7,216.93,1,T1,express,0
2347.04,111.01,1.99,309.205771,11.67,14,88.08,3.37,223.85,7,T1,express,1
60.04,10.38,0.05,110.130137,26.75,8,49.73,36.94,226.7,5,T1,express,0
374.9,46.1,0.14,207.034646,4.96,1,33.62,4.34,111.43,7,T1,express,1
1790.59,102.44,2.77,87.600011,64.55,8,56.85,95.24,10.0,3,T1,express,0
2253.54,42.85,2.05,535.179857,65.94,16,55.03,46.86,106.71,2,T1,standard,1
16191.72,79.88,3.16,106.516582,55.17,16,93.34,29.79,32.16,6,T2,standard,1
2192.69,21.34,3.41,329.300628,11.13,13,39.41,91.08,129.42,1,T2,standard,0
1554.44,112.26,2.38,41.778275,62.82,15,94.63,48.12,113.06,4,T2,express,0
1688.88,7.4,2.09,34.725087,51.5,15,98.03,62.74,29.67,5,T2,express,1
2548.81,114.11,2.63,34.474772,6.73,12,85.14,74.04,20.7,5,T1,express,0
523.86,54.3,1.25,203.716617,49.71,2,73.26,84.07,237.63,3,T2,express,0
1186.11,81.89,0.65,431.950812,1.59,13,51.97,62.13,81.61,5,T1,standard,0
2457.28,117.67,2.63,43.6472,46.68,10,71.04,80.69,96.66,4,T1,standard,0
961.18,73.08,0.93,373.362847,46.95,4,22.01,77.9,233.14,7,T1,express,0
3108.37,55.91,0.9,209.484103,33.01,8,21.14,92.97,53.31,3,T3,standard,0
2031.05,107.47,2.65,429.85932,62.36,15,92.68,97.28,85.12,7,T3,standard,0
193.83,91.2,3.46,171.086905,21.28,11,26.19,88.19,172.78,6,T3,standard,0
2495.16,114.89,0.18,297.060499,52.23,10,26.84,22.77,191.87,7,T2,express,0
631.21,102.85,1.91,334.216463,10.89,15,55.88,9.4,59.93,5,T2,express,0
1447.36,11.84,1.02,229.208769,57.99,17,,73.7,47.22,6,T2,standard,1
2660.63,48.71,1.69,334.008512,48.56,11,23.65,92.46,55.16,4,T1,express,0
2820.6,71.87,1.47,250.878561,27.36,4,59.94,63.87,217.26,3,T3,express,0
683.02,0.76,0.72,320.460986,27.17,12,88.35,18.79,21.53,7,T1,express,0
464.24,84.21,0.77,271.021798,11.0,16,15.65,34.42,105.92,7,T1,standard,0
3105.83,94.43,1.18,229.357549,47.0,15,85.62,60.19,126.48,1,T1,express,0
1610.99,114.02,3.42,396.314441,59.35,18,28.79,70.8,46.13,2,T2,standard,1
908.01,107.51,2.02,338.490638,59.17,13,25.42,93.69,213.26,7,T3,express,0
487.56,111.27,2.22,368.571983,13.0,3,9.86,88.14,187.64,5,T1,standard,0
136.15,81.9,1.37,500.564081,70.9,13,88.4,24.46,105.23,2,T2,standard,1
2453.35,64.94,0.95,293.969888,2.06,8,49.25,63.84,179.76,1,T3,standard,0
2083.75,81.78,1.18,313.08058,24.15,4,67.21,82.0,166.86,6,T1,standard,0
3194.06,52.55,1.73,190.539395,28.91,10,54.15,43.02,149.91,7,T1,express,1
1090.61,111.26,3.2,168.218067,19.84,9,96.07,32.97,214.37,1,T2,standard,0
1368.98,66.93,1.0,239.13955,10.21,16,16.7,61.85,31.15,3,T2,standard,0
224.55,38.8,2.59,173.360902,0.72,15,85.26,99.8,56.79,3,T1,express,0
1631.51,114.84,3.2,196.770005,39.68,2,34.09,4.12,209.3,2,T1,express,0
3081.78,51.35,2.35,0,42.05,8,41.5,10.81,50.88,1,T2,standard,1
1893.1,118.98,2.04,384.897554,28.81,6,49.29,23.06,141.37,6,T2,express,0
2483.22,72.48,0.4,221.67101,11.23,11,39.81,1.89,7.47,1,T3,standard,0
3012.01,94.51,3.32,110.497656,61.02,16,35.63,61.94,232.54,1,T3,express,0
175.68,7.62,1.7,334.265555,9.56,1,77.5,5.61,68.04,4,T3,standard,1
1456.26,6.02,2.0,69.969052,40.89,16,71.69,30.6,168.8,2,T2,express,0
265.1,63.15,2.71,91.265706,57.47,10,89.39,26.27,145.81,6,T3,express,0
3114.48,45.54,0.68,220.842576,8.6,10,89.44,74.09,35.0,4,T2,standard,0
3086.52,50.14,2.25,125.621176,6.34,8,86.49,14.14,145.03,5,T3,express,0
1483.78,35.91,0.44,444.52182,55.02,9,28.22,32.58,172.97,6,T1,standard,1
1347.15,53.16,1.05,211.289848,16.01,14,33.6,55.18,165.09,5,T2,standard,0
2975.94,85.51,3.49,472.027641,1.31,9,94.27,32.67,75.78,4,T2,express,0
3061.72,105.71,0.24,75.281311,13.15,7,41.57,97.02,206.89,7,T1,standard,1
2217.57,40.19,2.5,273.875274,37.71,12,38.97,83.58,122.41,1,T3,express,0
2464.63,79.62,1.39,220.459725,55.37,10,89.44,39.87,185.33,4,T1,express,0
747.64,63.96,3.5,211.706623,14.37,15,56.28,34.94,217.32,3,T2,express,0
1208.63,118.92,2.78,329.723611,14.18,13,89.49,78.93,110.61,6,T2,standard,0
2539.93,14.52,1.2,155.87781,43.67,5,1.94,17.65,97.71,7,T1,express,0
2883.42,86.08,2.15,305.093089,8.16,14,57.56,85.5,236.1,6,T2,express,0
1591.38,108.67,2.57,390.632324,21.85,2,73.11,62.27,10.49,6,T1,express,1
227.54,39.18,3.24,64.913405,7.08,4,9.36,35.42,135.83,5,T3,standard,0
2685.61,58.38,0.39,301.350723,24.84,3,70.94,16.06,45.36,4,T1,standard,0
1929.82,74.64,1.72,92.475823,13.34,6,91.2,90.77,157.85,4,T1,standard,0
1308.31,28.85,3.35,253.05846,9.4,12,32.24,25.23,46.0,4,T1,express,0
3130.87,100.89,2.63,65.606638,30.12,9,27.78,83.42,185.02,5,T2,express,0
1358.51,33.65,0.05,292.30203,60.24,3,76.74,49.25,157.27,1,T1,express,0
1467.32,98.97,3.23,285.85406,12.8,2,56.79,96.72,134.8,6,T3,express,0
2789.94,22.67,0.52,397.475884,71.81,15,15.3,40.6,196.08,4,T1,express,0
1112.06,110.47,1.36,58.728083,22.62,5,99.47,31.62,212.21,4,T1,express,1
1165.16,99.16,2.74,469.162405,45.69,6,65.86,69.06,185.52,4,T2,express,0
2005.09,6.08,1.08,151.886998,11.11,17,36.23,32.88,148.71,7,T2,standard,0
2698.44,28.99,3.35,0,65.17,9,15.31,77.73,94.22,3,T2,standard,0
154.32,98.15,1.75,63.82512,53.58,15,41.92,52.17,130.44,1,T3,standard,0
2665.35,27.82,1.78,320.360514,64.36,11,57.24,5.88,102.35,2,T1,express,0
111.11,85.64,1.53,398.66015,3.45,12,6.08,64.4,170.97,6,T3,standard,0
663.45,27.33,0.27,271.699269,43.02,10,15.47,83.81,157.27,5,T3,standard,0
105.82,25.66,3.15,19.197751,67.17,14,4.1,29.79,97.21,7,T3,express,0
1460.56,60.4,0.7,306.951662,69.52,16,60.52,62.23,195.51,4,T3,standard,1
2186.92,3.28,3.36,27.596478,24.37,6,6.25,43.54,209.26,1,T2,standard,0
328.07,71.29,1.94,262.085148,62.95,4,82.07,32.84,47.57,3,T1,standard,1
2261.41,75.77,3.12,195.121202,32.32,5,73.46,77.26,97.13,2,T1,standard,0
2066.64,52.46,0.2,355.78448,59.79,3,34.34,60.96,228.73,1,T3,standard,0
2414.83,20.91,1.56,98.956762,19.59,5,5.69,90.89,74.33,3,T3,express,0
2921.78,7.51,2.81,427.29285,29.58,3,90.31,49.77,129.49,1,T2,express,0
1652.96,85.73,1.17,371.052709,70.7,13,76.82,99.13,175.61,1,T3,express,0
2794.62,50.94,2.36,348.619139,14.83,6,41.55,54.35,144.9,7,T1,standard,1
1456.25,37.56,4.35,57.496277,52.4,12,41.62,18.75,127.37,3,T3,express,1
2600.38,51.0,1.49,101.752934,25.02,16,5.71,34.27,171.0,4,T2,standard,1
1740.95,15.63,2.22,356.390896,28.66,10,"7,07",83.04,61.97,4,T3,standard,0
2540.96,51.27,2.08,136.344618,29.91,2,17.5,88.14,116.99,2,T2,standard,0
2408.39,29.73,1.11,99.385019,69.47,12,41.96,89.68,48.02,5,T1,standard,0
2492.3,64.75,0.1,97.030477,41.78,3,67.35,15.53,168.5,3,T1,standard,1
755.79,112.69,3.22,417.469279,0.84,7,43.27,51.52,42.15,7,T3,express,0
229.99,47.02,3.26,396.175735,30.2,11,40.11,60.51,144.4,2,T2,express,0
2730.24,53.82,3.26,188.301637,67.47,2,97.45,74.71,28.77,2,T1,express,0
1282.89,25.92,1.3,56.153333,8.51,5,53.65,40.45,NA,1,T3,express,0
1648.68,58.83,2.2,231.98567,9.6,4,82.98,94.66,166.12,1,T2,standard,1
687.51,101.9,1.82,389.093526,62.73,16,87.13,91.38,154.64,1,T1,express,0
2557.54,28.3,1.77,227.385928,68.1,13,16.15,59.36,194.4,4,T3,express,0
2044.39,68.2,0.97,446.755964,29.23,13,13.82,21.98,150.6,5,T1,standard,1
1401.8,20.43,1.03,200.353717,3.29,1,79.33,46.81,17.54,6,T2,standard,0
558.31,62.27,0.64,275.767367,46.47,11,26.03,81.94,164.63,5,T3,express,0
1777.85,3.1,2.91,301.206632,25.08,18,27.57,98.58,126.81,6,T3,express,0
846.04,5.15,0.93,225.253271,63.01,3,70.13,66.82,73.88,2,T3,express,0
1817.85,6.18,2.71,422.740709,39.2,1,79.94,15.67,58.14,2,T2,express,0
296.67,118.77,2.21,92.593764,10.28,2,60.15,16.5,101.14,6,T2,standard,0
1288.99,44.08,3.24,156.616305,26.76,9,88.11,16.26,200.04,6,T3,express,0
2337.92,105.46,3.05,351.431097,3.02,11,20.02,63.55,203.87,2,T2,standard,0
2631.15,32.38,1.09,133.075287,6.32,11,56.78,87.68,138.47,7,T3,express,0
141.99,40.84,0.33,128.049628,"63,26",5,,59.54,214.34,5,T2,standard,0
3187.83,98.84,2.12,219.807559,44.61,18,53.23,81.86,42.95,2,T1,standard,0
628.01,94.48,0.3,256.092066,21.78,1,95.69,79.37,27.85,1,T3,standard,1
2802.77,67.38,2.7,412.642243,60.36,7,72.04,76.27,32.72,2,T1,standard,1
1390.02,56.11,1.97,172.938335,25.66,16,29.4,48.84,194.83,5,T2,standard,0
522.73,113.89,2.28,206.060676,66.5,13,77.45,67.94,117.61,6,T2,standard,0
2678.15,,0.62,522.371994,67.95,12,56.12,91.84,24.81,1,T1,express,0
2105.67,75.98,2.14,358.081732,0.55,7,24.8,92.35,194.42,2,T1,standard,1
549.7,119.03,1.04,447.189456,61.56,9,41.99,15.3,88.9,2,T1,express,0
95.42,57.93,2.28,400.076199,5.84,14,95.11,74.71,142.76,5,T1,express,0
445.7,103.96,2.39,106.766349,29.95,6,45.76,20.57,78.66,1,T3,standard,0
3146.39,108.16,2.67,41.206031,22.8,13,70.46,99.15,98.71,6,T2,standard,0
2090.2,35.51,1.32,352.501459,12.92,12,77.26,78.1,195.92,1,T2,standard,0
2058.57,73.24,0.81,62.588623,32.38,4,49.17,39.22,208.0,2,T3,standard,0
2154.23,75.24,1.83,126.652744,23.58,5,33.88,69.89,90.95,1,T2,express,0
1640.28,39.88,1.8,309.757324,58.28,11,93.8,0.78,31.79,3,T1,standard,1
1527.36,105.99,29.43,361.45818,56.62,5,75.02,50.84,215.66,7,T2,standard,1
2425.82,71.08,0.01,39.809008,46.01,16,46.27,9.3,48.76,4,T1,standard,1
1269.0,81.22,3.0,93.15461,53.78,13,12.04,92.87,73.01,5,T1,express,0
2284.7,58.05,2.67,690.262323,14.78,2,34.28,"45,96",40.41,5,T3,standard,1
2377.37,95.91,2.92,35.987505,65.93,9,13.83,60.33,209.29,7,T2,standard,0
44.09,69.42,3.24,92.763024,63.94,9,43.7,41.64,83.89,7,T3,express,0
1780.06,80.82,2.35,435.997189,40.58,14,12.81,52.78,44.84,2,T1,express,0
460.97,12.25,2.0,255.94594,14.77,3,5.12,97.57,141.21,7,T2,standard,1
2001.4,45.92,3.18,324.85007,3.57,4,23.6,87.56,188.8,7,T1,standard,0
2191.52,25.52,2.86,167.23096,7.55,15,97.18,4.66,9.15,1,T2,express,1
1924.16,38.03,1.43,284.716609,15.66,6,5.16,89.95,200.6,2,T1,standard,0
3123.05,83.25,0.78,337.977069,28.06,12,22.14,86.25,218.39,2,T3,standard,1
2304.12,63.55,2.19,296.955297,69.74,7,28.66,88.04,7.32,6,T1,standard,1
1922.72,43.1,3.48,21.27609,51.66,7,26.56,93.08,45.64,1,T1,express,0
3087.19,61.21,0.71,33.499844,23.29,3,39.09,31.64,236.92,7,T2,express,0
2002.76,83.25,2.81,434.649223,47.16,6,87.53,35.92,59.92,2,T3,standard,1
1231.54,88.53,3.22,384.570448,20.4,6,0.33,10.55,23.93,7,T2,express,1
471.9,52.05,0.1,69.743728,7.98,,74.91,43.95,119.5,6,T1,standard,0
2243.85,38.41,3.27,216.241312,55.18,1,53.23,38.13,75.19,4,T3,express,1
41.0,37.09,1.92,2.723766,44.8,1,55.73,13.93,12.02,6,T3,standard,1
2980.04,110.7,2.68,348.184263,"47,51",11,99.16,74.33,198.21,4,T1,express,0
2421.42,7.54,"0,66",48.047164,63.64,10,24.03,45.76,237.02,3,T1,standard,1
990.03,91.21,0.32,209.502126,9.06,15,7.94,57.2,78.9,7,T2,express,0
1226.9,89.69,3.49,0,61.8,4,73.78,13.27,222.34,1,T1,standard,1
83.86,36.48,3.15,149.153341,63.51,14,64.53,2.38,151.54,3,T3,express,0
856.81,55.05,1.9,310.686764,70.18,2,40.0,26.96,232.58,4,T3,,1
2987.81,54.0,2.03,119.129616,32.88,7,98.43,34.98,51.61,2,T2,express,0
3054.86,62.6,1.95,1241.962742,70.77,14,8.57,42.11,51.33,7,T2,express,1
13763.7,92.89,2.85,212.155936,26.73,11,83.73,42.78,143.92,3,T2,express,1
60.67,32.94,0.3,171.015147,58.97,17,10.32,81.88,181.04,1,T1,standard,1
264.54,47.72,2.09,234.255555,10.33,2,10.05,65.8,,3,T1,standard,1
520.71,79.35,2.01,468.225559,62.99,1,75.67,33.9,87.32,4,T3,express,0
603.76,70.93,2.41,386.107444,53.19,8,33.4,93.12,95.75,5,T1,standard,1
1040.27,5.98,1.25,172.748963,32.3,5,16.84,44.69,133.19,6,T1,standard,0
2948.56,1.81,0.87,213.144483,21.82,4,9.01,25.1,33.81,1,T3,express,0
1805.49,118.64,3.0,272.475592,37.96,11,85.48,68.04,235.03,5,T1,standard,0
1021.08,40.83,0.74,46.391903,36.82,10,57.91,29.96,95.61,2,T3,express,0
1933.54,104.48,2.5,175.639883,2.42,10,81.95,98.42,155.76,1,T3,express,0
2328.25,60.53,1.01,462.723034,9.11,13,87.12,48.21,37.86,7,T1,standard,0
2954.77,36.86,1.45,270.274765,47.64,2,41.3,42.08,47.02,4,T2,express,0
3093.16,59.95,1.98,216.229078,13.08,9,59.59,73.33,164.4,1,T3,standard,1
2471.03,59.56,2.89,258.441474,28.68,1,39.28,80.37,61.08,1,T2,express,1
2652.86,27.45,0.86,301.93732,7.77,10,73.63,55.37,120.32,7,T3,standard,1
1034.12,55.43,1.21,269.819233,14.31,18,53.05,39.92,27.87,7,T1,express,1
3026.51,52.21,0.89,130.947143,17.37,17,81.62,98.69,185.17,7,T3,standard,1
3134.83,97.53,1.11,237.956108,43.45,12,11.25,25.23,75.7,7,T1,express,0
113.61,90.62,2.0,189.269387,63.19,11,70.27,3.21,169.36,6,T2,standard,0
1505.07,23.03,2.78,74.696301,12.1,12,29.16,52.78,132.1,2,T2,standard,0
163.93,119.48,1.9,393.505454,64.19,2,64.99,7.61,176.56,5,T1,express,0
2298.34,36.58,2.46,13.308086,24.3,2,2.1,17.89,87.09,3,T3,standard,0
684.95,42.16,2.05,216.952265,59.76,12,56.73,52.05,41.96,7,T1,express,0
2927.77,47.11,1.36,341.837215,70.29,8,38.23,70.84,8.01,1,T1,express,1
1419.79,112.02,3.28,58.977132,37.1,2,64.75,42.78,31.91,4,T2,standard,1
2305.53,37.25,1.87,411.073214,12.81,5,86.18,45.68,16.62,7,T1,standard,1
2268.24,75.78,1.77,386.621035,63.12,18,3.27,54.72,195.18,4,T2,standard,1
1534.48,38.32,2.42,47.920077,36.56,14,34.38,93.52,33.43,4,T3,express,0
2594.62,79.93,2.44,122.74075,61.28,15,10.98,68.28,192.11,6,T1,express,1
1979.7,100.52,1.84,230.64931,33.07,12,40.95,44.45,185.33,5,T1,express,0
1741.26,16.99,3.36,353.480255,1.63,18,99.9,85.04,23.66,7,T1,standard,0
1184.56,56.45,2.21,340.717506,46.18,10,45.69,81.93,209.69,7,T1,express,0
1351.99,86.26,2.41,233.82123,60.64,9,81.81,1.04,35.16,,T3,express,0
1442.24,101.73,2.37,326.58528,12.93,12,72.92,59.85,131.58,4,T3,standard,0
2755.43,107.04,1.19,188.612334,23.86,7,67.69,72.11,38.01,6,T2,express,0
2099.71,18.43,3.37,406.313427,7.67,11,24.5,70.49,47.1,4,T3,express,0
392.87,37.36,2.07,451.441899,8.62,4,87.04,86.09,113.1,1,T2,standard,1
2512.47,116.42,2.87,66.763734,67.02,15,56.35,59.56,124.7,6,T1,express,0
1385.81,29.27,2.29,374.278019,9.9,11,27.9,19.45,8.41,7,T1,express,0
2707.15,16.57,0.49,18.321998,69.13,5,9.34,38.51,139.78,1,T1,express,0
2893.35,38.45,3.27,229.746337,26.05,13,67.52,48.15,151.14,3,T2,standard,1
1070.06,72.54,2.97,191.667655,53.78,4,89.53,84.51,173.44,6,T1,standard,1
185.89,77.79,3.31,142.716015,28.62,9,0.44,46.2,173.92,2,T1,standard,0
1124.79,111.44,1.69,160.557828,70.97,12,70.53,21.24,183.37,3,T2,standard,0
178.86,117.96,0.25,0,35.62,9,28.44,69.72,142.2,7,T3,standard,0
2246.61,92.78,2.64,245.266397,31.43,18,26.42,67.13,30.42,7,T3,standard,1
1727.07,112.94,0.49,365.281577,27.56,11,52.57,78.32,139.08,1,T1,standard,1
1284.4,114.99,0.23,17.863021,11.38,18,84.95,3.84,15.75,2,T3,standard,0
332.02,50.65,1.37,141.4485,19.82,13,37.77,49.55,118.36,2,T1,standard,0
2378.85,68.13,0.0,52.23391,22.85,5,75.65,79.83,12.96,"6,00",T3,standard,0
2219.45,11.09,2.63,437.460481,43.8,14,71.7,54.74,212.85,3,T2,standard,1
1811.27,20.84,1.71,152.112477,33.04,11,74.16,22.65,88.7,3,T3,standard,0
2082.68,69.08,2.36,85.551554,46.31,16,95.36,47.11,183.73,5,T1,express,1
1291.16,98.18,0.1,466.334588,38.44,18,84.08,49.8,33.08,3,T2,express,0
2500.2,68.44,0.02,224.78102,7.41,11,11.37,23.58,33.67,1,T2,standard,0
2443.08,93.12,1.93,340.61836,37.93,1,75.15,40.07,59.9,7,T2,standard,1
2877.65,89.66,1.0,317.294964,67.67,4,9.98,26.31,51.62,3,T2,standard,1
1869.03,33.28,2.25,156.558439,59.34,16,75.68,63.85,86.24,6,T1,standard,0
75.65,32.7,1.74,429.733152,48.86,5,97.56,135.31,145.62,5,T1,express,0
2237.82,0.82,2.12,139.215349,18.0,2,17.75,86.81,112.27,6,T2,express,1
709.59,21.79,3.4,333.01311,70.38,10,9.03,16.0,210.38,1,T1,standard,1
1315.2,98.28,0.87,196.522107,49.13,12,23.55,57.77,165.73,4,T3,standard,0
1209.06,76.41,1.59,64.046755,39.34,7,53.71,70.58,31.82,5,T1,standard,0
2676.84,24.0,1.99,97.821156,34.71,9,3.3,75.26,205.24,4,T1,express,0
2225.05,3.48,0.73,386.777766,32.08,15,86.67,36.6,151.28,3,T3,standard,0
2181.89,9.12,1.17,126.905901,10.31,17,80.44,94.67,26.75,3,T1,express,0
1856.87,4.45,0.12,361.750206,54.57,7,49.22,68.63,165.54,5,T1,standard,1
942.23,27.94,0.62,395.02696,48.78,7,86.45,99.01,232.92,4,T3,express,0
1139.0,26.08,0.2,315.182562,50.45,3,43.2,95.03,90.26,2,T1,express,0
1507.59,99.24,0.68,252.566048,70.3,4,48.87,12.27,62.89,5,T2,express,0
675.48,38.94,2.54,33.529067,29.13,7,95.42,81.33,235.78,6,T2,standard,0
1262.1,15.3,2.1,24.750077,19.86,6,19.59,35.55,156.61,7,T3,standard,0
2502.88,1.66,0.81,269.952963,58.34,10,19.46,75.99,220.12,7,T1,standard,1
2328.27,115.3,1.16,324.864413,42.0,7,41.95,27.27,19.3,1,T2,express,1
2118.79,14.44,1.81,330.261848,14.27,12,88.01,78.31,76.28,4,T1,standard,0
802.55,6.19,2.58,54.856338,41.24,6,61.19,90.03,22.22,6,T2,standard,1
208.68,62.4,2.86,299.281246,27.55,17,49.66,24.09,115.68,7,T1,express,0
1721.94,30.37,2.42,374.318852,57.46,2,87.42,6.41,31.83,2,T2,standard,0
637.99,61.5,2.17,4.801435,57.82,10,90.97,27.63,140.71,1,T2,standard,1
2898.47,57.5,0.45,331.620293,2.18,4,3.12,18.76,145.29,4,T3,express,0
1468.46,35.62,3.34,264.195074,71.38,4,96.37,49.13,119.04,2,T3,express,0
1754.18,56.91,1.61,422.592276,44.04,15,8.73,37.3,,3,T1,standard,1
728.15,116.06,0.91,168.433366,19.36,1,45.56,3.98,225.92,3,T1,standard,0
193.73,16.36,2.75,107.906376,28.13,1,14.32,85.69,100.15,7,T3,express,0
2629.13,76.21,2.61,447.67841,29.01,5,4.25,4.38,197.49,6,T2,express,0
1414.26,66.75,1.06,195.684521,37.45,12,97.29,1.1,44.22,7,T2,standard,0
1245.23,18.42,2.71,187.009034,5.77,2,11.14,82.13,63.58,2,T1,express,0
3086.73,97.06,1.22,340.187884,44.34,4,16.99,85.64,104.74,2,T2,standard,0
1860.44,60.05,0.19,130.916983,35.21,11,28.05,13.18,93.75,7,T3,standard,1
717.07,62.07,1.21,148.95025,31.41,14,77.63,6.78,61.21,7,T2,standard,1
1604.71,25.77,2.26,183.224355,7.69,3,70.97,85.2,79.09,3,T3,express,0
1933.02,35.69,2.54,405.796042,49.39,3,54.06,40.79,33.55,6,T3,express,1
44.91,16.22,0.08,281.260172,29.8,16,18.06,54.8,46.17,1,T1,express,0
35.12,85.3,0.21,489.910248,48.02,18,27.38,44.7,147.71,5,T2,express,0
846.99,65.94,1.96,44.770561,15.06,8,31.97,19.23,120.35,5,T2,standard,0
889.51,72.94,1.4,219.043968,3.02,5,10.0,79.08,32.49,2,T1,standard,0
1028.79,114.75,1.71,237.953854,25.0,11,14.73,78.93,159.61,4,T3,express,1
2975.65,63.65,2.79,0,58.07,7,60.32,81.8,143.43,2,T2,standard,1
397.08,53.68,0.25,294.392886,37.59,NA,39.05,77.17,75.92,4,T3,standard,1
1155.71,99.71,1.62,203.035262,49.29,10,93.62,18.85,148.44,7,T1,express,0
3105.92,47.39,2.71,349.648256,45.1,8,53.47,20.95,226.17,1,T2,standard,0
1846.67,98.81,2.51,216.340568,35.16,5,66.54,40.35,68.53,5,T3,express,1
563.81,37.66,1.33,278.32502,13.87,17,70.89,57.41,181.42,2,T1,express,0
130.19,36.9,2.51,192.971832,34.37,13,91.66,25.85,208.72,6,T1,express,0
443.76,43.14,2.1,135.577857,42.49,16,89.86,23.46,220.23,3,T2,standard,0
497.53,73.21,2.71,212.346869,67.3,13,53.98,87.46,127.37,3,T1,express,0
3084.36,38.96,2.01,305.137813,40.87,8,96.24,65.68,85.68,5,T1,standard,0
397.4,55.02,3.34,265.973522,46.89,10,70.56,60.99,37.02,5,T3,standard,0
2344.64,117.14,1.23,451.353859,58.19,15,22.21,32.19,29.66,2,T1,express,0
2454.57,95.2,2.98,294.034134,60.3,8,66.5,48.88,238.09,3,T1,standard,1
2314.55,47.84,0.4,267.319027,67.77,9,59.25,78.55,13.57,5,T1,standard,0
2555.83,23.91,0.14,19.478117,60.19,4,51.53,79.8,99.06,2,T1,standard,1
3120.44,113.12,1.48,0,13.85,8,4.76,64.72,202.74,3,T1,express,1
523.01,9.52,0.99,138.591376,64.05,8,40.21,5.43,177.55,1,T2,express,0
"78,07",26.74,0.32,208.777621,37.24,3,56.91,7.58,147.47,4,T1,standard,1
309.41,76.44,0.1,185.973827,51.44,1,55.37,57.98,204.75,2,T1,standard,0
222.46,105.77,2.03,416.752995,52.29,18,,82.71,210.32,3,T3,express,0
1849.51,56.29,0.16,229.611492,45.83,7,29.5,83.61,192.98,7,T1,express,0
2027.33,47.22,3.4,101.72783,15.21,9,69.51,,8.65,4,T1,standard,0
995.2,,2.06,189.959037,63.37,7,59.38,81.65,179.22,2,T1,standard,0
1975.78,63.07,0.68,0,60.03,17,29.62,44.57,223.77,1,T1,express,0
465.95,113.73,2.98,779.694501,36.27,11,72.28,67.07,176.27,1,T3,standard,0
70.44,27.51,0.17,113.073332,66.04,14,27.88,,231.62,1,T1,express,0
2640.86,36.35,2.11,300.019785,41.16,1,90.73,86.12,73.79,1,T2,express,1
455.76,105.4,2.98,216.388861,38.93,18,19.67,63.86,18.44,5,T2,express,0
2697.13,48.47,2.54,179.935774,1.04,9,73.39,3.01,6.7,7,T2,standard,0
2374.28,53.02,1.05,232.201891,69.15,4,,92.35,97.9,4,T2,express,1
402.09,80.59,1.1,202.397483,26.86,17,66.23,10.08,16.53,7,T3,standard,0
945.42,107.07,1.06,323.832907,36.38,10,63.76,54.08,69.87,4,T3,express,0
1171.04,95.41,3.09,103.147582,3.58,15,84.5,82.93,14.41,4,T3,express,0
3179.33,85.15,0.89,256.586639,30.9,12,64.4,80.01,189.79,5,T2,standard,0
153.9,99.27,0.4,74.88212,44.47,15,12.49,3.71,226.9,6,T3,standard,1
2596.06,6.45,0.47,341.13174,46.44,7,80.74,12.16,164.9,4,T1,standard,0
2665.28,81.84,,195.981997,12.48,16,69.77,37.67,174.2,7,T2,standard,0
2639.38,5.09,0.96,595.265528,14.26,17,30.83,66.39,74.37,NA,T1,express,0
1117.69,4.79,0.87,190.014883,64.85,14,73.87,43.97,176.7,2,T1,express,0
1525.31,67.13,1.08,38.232865,14.38,13,36.81,99.62,207.76,2,T1,standard,0
3065.85,37.19,3.24,130.195739,16.58,4,17.08,95.56,124.83,4,T1,standard,1
71.26,99.49,2.91,125.290549,64.12,14,13.12,8.31,32.18,1,T3,express,1
1312.47,15.34,2.76,341.856347,47.55,15,18.63,88.5,190.38,6,T1,express,0
3151.28,65.54,2.65,220.704433,34.18,15,38.39,98.07,115.75,5,T3,standard,1
