age,revenu_annuel,anciennete_emploi_mois,montant_credit,duree_credit_mois,taux_endettement,nb_credits_actifs,historique_impayes_24m,score_bureau,ratio_utilisation_cartes,nb_enfants,logement,defaut
58,90728.99,,8857.26,11,0.371906,0,12,478,0.99,4,famille,0
52,68898.67,0,43528.62,12,0.797152,7,6,435,0.26,1,locataire,0
29,20686.66,179,5454.16,51,0.040855,6,1,424,0.75,5,famille,0
34,51425.89,24,33232.38,58,0.622302,5,7,792,0.74,5,locataire,0
64,75726.34,226,15848.17,49,0.296945,7,6,596,0.38,0,locataire,0
26,57246.03,213,37683.48,23,0.100266,1,3,472,0.79,0,proprietaire,1
51,24011.75,130,10032.84,61,0.591453,1,5,408,0.56,5,locataire,0
47,82456.36,47,11246.95,63,0.693996,5,3,504,0.97,6,proprietaire,0
32,70367.66,59,32307.09,63,0.024796,1,1,647,0.78,5,famille,1
27,60241.53,54,33036.18,53,0.751831,3,9,567,0.79,3,proprietaire,1
33,37849.89,174,33865.37,41,0.454963,0,2,762,0.63,6,proprietaire,0
55,87775.07,191,43751.23,75,0.398831,0,9,749,0.9,2,locataire,1
62,24974.36,84,17373.45,70,0.261265,4,10,460,0.83,3,proprietaire,0
51,13040.11,120,15255.1,53,0.524901,0,2,506,0.68,2,locataire,0
42,36036.36,225,28304.49,22,0.063275,6,7,776,0.23,3,proprietaire,0
68,45152.72,159,10319.0,42,0.113872,3,9,449,0.51,3,proprietaire,1
28,67257.8,168,8166.66,72,0.682473,6,3,685,0.79,4,locataire,0
24,451488.04,1,8119.49,63,0.460024,6,2,779,0.01,3,famille,0
34,24987.88,86,26408.33,12,0.484785,5,4,654,0.09,4,famille,0
68,72636.91,103,35379.22,14,0.412071,6,7,541,0.43,6,proprietaire,0
52,15112.07,44,3370.33,36,0.382894,2,5,472,0.01,1,famille,0
55,24718.17,47,5301.67,36,0.244578,4,0,642,0.06,2,locataire,0
58,87707.12,14,16596.2,60,0.595691,7,9,433,0.85,6,locataire,1
62,31669.47,144,34385.68,33,0.636696,1,7,417,0.11,5,famille,1
54,93743.34,8,25026.29,16,0.719087,1,5,762,0.21,6,proprietaire,0
44,37173.1,120,36772.45,57,0.58137,3,4,464,0.99,1,proprietaire,1
33,88352.72,63,6918.99,69,0,5,5,680,0.44,2,proprietaire,0
37,64345.32,232,28889.9,30,0.341267,1,,420,0.33,6,proprietaire,0
56,77888.28,2,40417.25,57,0.775972,6,10,797,0.36,1,locataire,0
58,46937.44,18,13231.52,45,0.193573,6,5,747,0.31,3,locataire,0
22,20458.06,221,12704.13,37,0.074621,0,9,685,0.04,1,famille,0
56,23849.75,219,15433.38,79,0.026282,5,3,580,0.39,4,locataire,0
30,38340.21,32,15569.03,52,0.671704,6,9,570,0.45,4,famille,0
66,91389.36,6,17252.04,12,0.194418,6,11,695,0.89,5,proprietaire,0
58,46440.61,174,35643.72,66,0.36889,3,10,609,0.48,1,famille,0
50,19856.59,50,32647.91,56,0.265569,4,6,702,0.47,3,proprietaire,0
26,54529.25,107,7773.45,7,0.293825,0,2,752,0.34,2,locataire,0
43,21381.4,67,14779.61,33,0.146476,4,5,502,0.97,4,proprietaire,0
60,39260.81,116,44377.89,82,0.261716,7,2,697,0.95,4,locataire,0
44,70147.4,65,6581.88,80,0.607976,6,11,688,0.14,1,proprietaire,0
41,25567.38,104,44846.38,15,0.449511,4,0,720,0.08,2,famille,0
60,14600.75,17,16084.54,54,0.559829,2,6,491,0.79,3,famille,1
68,52085.13,225,8100.86,65,0.429726,7,6,795,0.63,NA,locataire,0
22,62432.8,75,24879.25,75,0.533009,2,0,803,0.98,1,proprietaire,0
23,45916.54,66,24576.79,19,0.514442,4,8,760,0.99,5,proprietaire,1
22,34943.62,102,,81,0.693201,0,4,500,0.63,6,famille,0
35,28444.21,214,20069.02,19,0.512708,1,8,795,0.41,4,famille,0
25,40968.34,51,25489.72,80,0.418455,6,1,562,0.34,2,proprietaire,0
28,76410.9,121,38975.56,72,0.319629,7,1,445,0.72,4,locataire,1
43,41329.28,97,24204.08,59,0.470657,5,2,514,0.18,3,proprietaire,0
52,"36106,78",18,14305.04,27,0.618398,4,6,675,0.48,3,famille,1
62,82235.51,181,26876.42,44,0.510247,5,7,752,0.3,6,famille,0
38,58714.11,173,32789.42,70,0.676513,2,8,555,0.94,5,proprietaire,0
68,93777.16,60,33293.56,40,0.744858,6,0,407,0.62,0,locataire,1
68,12220.6,218,3411.23,75,0.472461,0,4,713,0.37,4,proprietaire,0
31,25423.89,99,39200.72,19,0.374745,6,1,732,0.3,0,proprietaire,0
63,79332.78,98,42870.46,16,0.536719,3,7,625,0.23,2,proprietaire,0
68,46437.53,43,11461.13,12,0,0,3,724,0.19,5,famille,0
52,27021.83,45,28787.91,23,0.22791,1,5,679,0.77,0,famille,0
39,43384.42,35,30050.16,18,0.400597,4,11,432,0.83,0,locataire,0
40,15591.16,148,13863.3,8,0.073839,3,5,661,0.59,4,locataire,0
62,69298.35,13,14408.34,12,0.125385,1,11,721,0.42,6,proprietaire,0
47,42912.39,74,24201.79,26,0.013304,3,9,444,0.38,1,famille,1
53,66496.37,35,35222.94,38,0.382397,1,4,674,0.5,5,locataire,0
65,49270.55,136,7345.47,36,0.025037,1,10,704,0.47,2,locataire,0
34,51664.93,60,25894.0,70,0.630291,4,10,722,0.7,3,proprietaire,0
35,41306.01,218,43320.09,56,0.464272,7,9,530,0.4,2,famille,1
35,80573.3,82,3810.09,38,0.240317,6,2,679,0.96,3,locataire,0
67,68186.78,124,27628.14,54,0.096527,3,9,405,0.77,3,famille,0
62,59009.14,22,42404.31,13,0.675404,0,3,494,0.11,3,famille,0
52,82461.64,98,28380.39,6,0.231773,5,7,489,0.03,1,famille,1
48,56314.64,160,4648.02,61,0.572746,2,5,430,0.69,5,locataire,0
46,86552.01,53,4401.63,16,0.485841,2,3,496,0.14,3,famille,0
24,18612.25,174,40292.9,62,0.785389,5,7,773,0.66,0,famille,0
37,28914.56,227,9876.82,82,0.356595,1,7,615,0.72,2,famille,0
42,83907.89,95,NA,7,0.758791,3,10,577,0.82,5,proprietaire,1
43,17538.8,1,23629.51,38,0.713648,6,7,699,0.68,3,famille,0
51,75849.94,11,7107.93,56,0.039103,0,6,736,0.73,0,locataire,0
57,46963.76,197,10333.41,34,0.048216,5,7,814,0.02,0,famille,0
67,45433.76,NA,3433.34,58,0.457146,4,10,535,0.03,0,proprietaire,1
59,53363.22,86,9221.85,50,0.634475,0,4,NA,0.04,4,locataire,0
22,59475.25,162,20324.93,8,0.745403,1,10,520,0.06,3,proprietaire,0
27,62598.03,167,35253.6,63,0.511991,3,4,573,0.77,1,famille,0
41,84488.59,62,37627.41,80,0.186418,6,2,743,0.88,6,proprietaire,0
67,93569.26,228,33889.28,71,0.46318,5,3,467,0.31,4,locataire,0
35,67151.15,194,32932.52,32,0.393969,6,4,647,0.77,3,famille,0
41,43577.77,204,33093.86,29,0.272082,6,11,509,0.33,3,locataire,0
26,61443.11,93,44242.82,71,0.567061,3,3,663,0.99,5,proprietaire,0
39,28311.66,144,44854.57,79,0.697199,3,1,770,0.93,1,proprietaire,1
25,72329.46,155.37,9969.54,12,0.619338,1,2,710,0.7,5,famille,0
55,72012.69,187,39711.78,12,0.840161,1,7,620,0.49,1,proprietaire,1
45,38783.45,73,12129.24,34,0.381089,2,10,529,0.94,6,proprietaire,0
34,54872.94,181,23412.26,56,0.550921,4,10,402,0.03,6,famille,0
56,40591.9,99,21000.83,33,0.030021,4,8,678,0.75,2,famille,0
30,14159.03,205,17486.81,23,0.083458,2,7,809,0.3,6,proprietaire,0
22,39495.87,27,43549.07,50,0.486151,6,8,796,0.51,1,proprietaire,1
35,22266.72,40,9723.95,32,0.535634,7,2,561,0.29,3,famille,0
22,80859.82,199,15838.41,56,0.596859,7,1,488,0.71,3,locataire,0
64,90084.67,13,13933.95,57,0.109845,7,6,509,0.01,4,famille,0
22,52401.74,178,42393.87,58,0.613135,5,6,782,0.26,2,proprietaire,0
24,50171.68,141,18796.17,84,0.591442,4,11,724,0.04,6,famille,0
36,23669.3,164,36029.88,13,0.467619,3,5,597,0.3,3,locataire,0
52,74296.86,38,33667.43,65,0.132624,2,3,666,0.4,0,proprietaire,0
67,68915.86,99,18018.85,20,0.449589,5,8,511,0.38,0,proprietaire,0
38,92613.62,144,2082.18,27,0.24891,4,6,473,0.43,1,famille,0
61,92754.3,186,22691.74,61,0.076071,0,2,416,0.33,5,locataire,0
41,52623.62,223,11296.74,24,0.364979,6,11,530,0.46,1,locataire,0
49,16161.16,49,41177.84,73,0.066185,4,0,585,0.66,3,famille,0
39,60170.72,54,17742.97,69,0.64845,7,2,493,0.39,5,locataire,1
40,51379.38,28,22980.28,20,0.248606,4,2,505,0.72,4,locataire,0
49,21247.01,1,32843.66,8,0.549647,4,1,791,NA,6,locataire,1
23,39647.13,89,9537.62,60,0.517075,1,7,508,0.65,5,proprietaire,0
30,75993.69,197,17819.28,48,0.113698,6,4,751,0.96,5,,0
24,25691.41,81,32000.64,78,0.591969,5,1,518,0.21,1,famille,0
24,80203.2,152,44803.94,39,0.483881,6,7,417,0.28,5,famille,1
36,28212.19,194,19466.61,42,0.614582,2,1,810,0.82,6,locataire,0
67,49314.49,186,37419.51,49,0.762509,3,10,715,0.23,3,locataire,0
52,76612.54,223,26231.4,35,0.553213,4,10,452,0.92,5,famille,1
28,58492.28,85,39149.28,20,0.233085,1,6,511,0.73,0,locataire,1
54,66427.56,128,39490.46,83,0.583817,2,8,652,0.04,4,locataire,0
36,56251.71,233,19215.19,33,0.163742,4,4,532,0.09,6,locataire,0
62,69898.02,7,25499.81,74,0.286236,4,5,435,0.0,5,famille,0
41,45581.08,6,19956.05,59,0.311172,4,10,536,0.65,0,proprietaire,0
30,68400.57,145,11695.6,12,0.36227,4,6,611,0.76,5,proprietaire,1
65,70146.08,6,30221.0,6,0.596411,7,5,537,0.45,6,proprietaire,0
35,90050.89,90,19590.33,44,0.447402,2,7,704,0.07,3,famille,0
27,52015.58,86,6282.63,38,0.418694,7,79.18,475,0.3,4,famille,0
44,34253.65,139,11639.64,64,0.296102,4,12,813,0.88,2,famille,0
54,66745.42,169,26008.11,27,0.394634,1,10,798,0.36,3,proprietaire,0
66,59862.09,15,28912.84,8,0.50774,5,12,439,0.84,3,proprietaire,1
41,44706.8,68,27821.01,18,0.145666,6,4,548,,0,locataire,0
61,91082.58,74,6541.91,26,0.426527,1,7,765,0.64,5,locataire,0
28,71296.91,170,35576.9,10,0.100579,4,12,599,0.32,5,locataire,0
24,54070.7,157,20524.38,20,0.487934,3,6,605,0.51,4,proprietaire,0
60,91197.67,175,6549.84,46,0.600181,4,7,637,0.18,5,locataire,0
49,18408.41,199,42966.49,9,0.317833,4,7,462,0.33,4,locataire,1
51,52422.59,72,22288.16,78,0.084959,3,8,711,0.84,6,locataire,0
38,88156.78,74,3051.59,83,0.484232,1,2,433,0.19,6,famille,0
67,44050.6,144,32640.86,65,0.117206,2,10,416,0.56,2,locataire,1
50,38030.09,95,11984.06,60,0.848027,2,7,642,0.83,1,proprietaire,0
46,62853.98,45,23824.59,32,0,2,11,643,0.23,6,locataire,0
57,73290.56,94,35296.23,42,0.160301,4,2,805,0.98,2,proprietaire,0
37,45974.91,191,27549.75,79,0.813779,1,8,601,0.62,3,famille,0
22,49538.17,25,4407.91,31,0.063233,3,9,441,0.19,3,famille,0
24,73567.3,209,15952.15,19,0.465573,5,10,552,0.89,2,proprietaire,0
60,51537.48,167,36452.37,78,0.627681,7,8,563,0.47,1,proprietaire,0
64,81233.12,15,43257.66,59,0.163315,0,5,725,0.53,5,proprietaire,0
35,45321.02,126,2129.49,51,0.700185,2,6,681,0.19,4,locataire,0
44,86081.25,231,2505.49,21,0.35634,5,11,421,0.19,1,locataire,0
46,60959.57,14,24079.36,10,0.315794,2,1,636,0.94,3,proprietaire,1
27,43581.94,97,2829.07,25,0.520333,1,12,813,0.25,3,locataire,0
41,82878.28,51,40641.13,76,0,0,8,632,0.1,5,locataire,0
45,45799.86,71,18195.73,59,0.208817,3,2,790,0.77,0,proprietaire,0
67,67488.36,191,8138.37,68,0.556114,2,11,765,0.12,4,famille,0
53,89622.6,167,2320.91,6,0.541294,5,9,735,0.13,3,famille,0
29,78257.58,239,3329.27,38,0.067113,1,10,467,0.75,6,famille,1
35,67374.49,94,4802.18,71,0.642022,6,6,582,0.09,3,famille,1
30,42843.31,234,39060.04,48,0.571325,2,8,561,0.11,4,locataire,0
65,17531.48,220,24574.26,39,0.406088,3,7,663,0.2,5,famille,0
22,54755.0,79,24809.93,12,0.161064,3,8,579,0.87,3,proprietaire,0
34,15580.26,197,7460.7,61,0.706967,4,3,715,0.6,4,proprietaire,0
68,74885.33,22,11500.43,71,0.588622,5,0,454,0.06,3,famille,0
60,40430.52,137,33402.37,28,0,7,3,643,0.04,2,proprietaire,0
59,30359.89,1,16909.32,80,0.17108,6,8,725,0.98,2,proprietaire,0
63,49293.75,43,32624.86,62,0.653373,7,12,757,0.3,2,proprietaire,0
38,38290.81,55,43312.25,24,0.861495,1,1,497,0.09,1,proprietaire,1
43,23493.64,227,22086.73,15,0.139532,2,10,806,0.08,4,locataire,0
23,36440.44,53,25122.55,36,0.603422,7,1,637,0.11,3,locataire,0
28,72921.91,111,38743.59,51,0.200107,5,12,774,0.89,5,locataire,1
52,66404.98,195,37102.65,24,0.585815,6,0,685,0.31,2,locataire,0
44,91947.87,237,44550.02,74,0.631232,16.19,3,778,0.33,1,locataire,0
32,18124.29,90,34245.26,74,0.355895,2,3,513,0.57,2,proprietaire,0
43,49933.19,55,25788.98,74,0.504786,3,3,446,0.25,6,NA,0
43,48593.64,31,26080.01,22,0.950724,0,4,707,0.11,2,famille,0
37,84603.35,207,33245.78,15,0.769036,4,1,779,0.11,2,famille,0
64,18116.68,128,14604.65,26,0.278672,7,11,496,0.19,5,locataire,0
39,53393.02,"236,00",9098.1,74,0.430495,2,1,797,0.71,3,proprietaire,1
36,42831.8,58,4689.89,78,0.393731,7,11,575,0.97,6,proprietaire,0
48,68533.42,74,7411.77,31,0.631654,0,1,631,0.39,1,locataire,1
54,79103.11,124,26916.53,11,0.477701,2,7,575,0.27,3,locataire,1
40,86125.97,175,27309.18,65,0.775667,5,6,554,0.43,5,locataire,1
34,91299.33,74,31893.5,74,0.688298,4,8,745,0.31,5,proprietaire,0
31,41554.58,116,25935.32,42,0.352432,5,2,560,0.13,5,famille,0
30,32745.71,158,16923.7,23,0.022293,1,11,657,0.34,4,famille,0
60,19451.38,6,38331.85,81,0.676797,6,2,678,0.77,3,famille,0
28,94167.69,211,11701.73,18,0.625277,7,12,641,0.16,3,proprietaire,1
58,13656.8,175,39104.0,26,0.400946,4,5,628,0.84,2,proprietaire,0
54,25868.74,179,9867.35,36,0.374673,2,8,706,0.06,1,locataire,0
49,94595.7,116,40768.27,6,0.390833,2,2,786,0.4,3,proprietaire,0
25,29812.94,189,5536.74,70,0.33355,6,5,484,0.15,3,famille,0
24,82931.21,57,24503.92,59,0.431171,2,3,451,0.89,5,locataire,0
36,89252.48,121,7090.44,79,0.65475,4,10,571,0.54,4,famille,0
22,50430.1,105,39144.28,57,0.293724,5,NA,419,0.68,1,locataire,0
39,12232.65,121,20426.48,37,0.293185,6,6,705,0.99,6,proprietaire,0
27,12096.01,93,20823.8,36,0.687658,0,5,742,0.29,4,famille,1
48,21706.99,89,40320.93,30,0.246955,0,1,706,0.3,3,proprietaire,0
26,43911.33,176,17087.42,47,0.305589,1,1,452,0.04,6,famille,0
39,59479.55,43,37032.09,26,0.372766,1,8,565,0.12,6,famille,0
52,85450.05,115,37074.73,26,0.400088,5,8,538,0.27,6,proprietaire,0
48,92427.13,221,7416.65,36,0.179262,3,4,598,0.34,4,famille,0
57,36425.45,35,14804.82,64,0.216293,4,8,567,0.48,5,famille,0
44,38027.97,76,23964.06,66,0.526704,2,6,749,0.58,6,locataire,0
25,79160.14,16,28343.09,25,0.384778,5,4,592,0.69,6,famille,0
56,78440.98,178,31162.42,35,0.266567,1,4,592,0.56,5,proprietaire,0
26,42365.0,205,25944.37,21,0.097688,4,7,568,0.38,2,proprietaire,1
36,71808.79,76,29355.97,80,0.467097,6,4,490,0.66,2,proprietaire,1
62,27694.93,117,25129.2,28,0.320099,6,7,541,0.28,4,proprietaire,1
48,57821.42,225,16405.6,56,0.139207,2,10,521,0.17,6,locataire,1
59,74919.72,48,6066.12,82,0.562682,0,10,606,0.23,2,proprietaire,0
36,51282.42,37,41800.81,25,1.883879,1,0,596,0.99,0,proprietaire,0
50,26597.09,93,22809.37,16,0.442013,3,12,774,0.65,2,famille,1
29,29678.61,69,42398.49,12,0.462316,1,12,434,0.2,4,locataire,0
39,78569.19,80,42976.03,35,0.590503,3,10,615,0.92,1,proprietaire,0
45,37346.96,132,39554.17,69,0.368018,5,1,405,0.05,0,proprietaire,0
33,50304.1,39,17578.92,,0.213506,1,6,617,0.82,0,proprietaire,1
45,44172.37,146,36222.12,75,0.369721,7,8,808,0.08,2,famille,0
36,92167.18,12,26841.86,29,0.143887,4,10,480,0.98,2,locataire,0
49,15662.56,201,25365.81,8,0.237336,6,8,461,0.27,5,famille,0
61,21766.13,109,37160.32,24,0.622674,2,0,564,0.99,6,famille,0
32,81709.78,2,39557.32,60,0.517821,0,12,530,0.02,1,famille,0
26,74326.57,216,27414.7,42,0.469592,5,11,816,0.4,3,famille,0
33,34708.64,188,19435.57,41,0.495593,7,11,513,0.18,1,famille,0
42,71571.04,217,8930.36,81,0.158929,3,8,448,0.71,1,proprietaire,1
66,20357.7,131,19383.9,17,0.527361,1,5,561,0.11,3,famille,0
48,89279.12,168,22852.48,27,0.28239,4,1,578,0.11,3,proprietaire,0
35,28432.38,124,38524.79,21,0.568927,4,9,732,NA,3,proprietaire,0
42,80790.89,113,877.18,62,0.171266,2,0,753,0.15,5,locataire,0
46,85252.06,201,24309.07,6,0.455341,1,8,464,0.69,0,proprietaire,0
28,62317.44,26,38016.74,40,0.528971,1,9,687,0.13,1,famille,0
24,91402.71,59,5312.24,55,0.125379,0,11,453,0.35,0,famille,0
37,24264.76,5,7297.99,65,0.218306,2,8,802,0.26,1,locataire,0
64,79797.42,143,14863.26,82,0.303891,7,0,551,0.0,5,locataire,0
26,57319.82,215,16700.65,33,0.116178,2,8,555,0.15,6,famille,0
23,87192.71,28,41159.61,20,0.382846,1,7,628,0.44,5,famille,0
23,20913.5,63,27211.44,14,0.670318,0,6,404,0.78,4,famille,1
65,62301.95,155,20256.64,74,0.484804,4,12,739,0.84,1,locataire,0
49,54193.65,113,17298.12,25,0.361944,1,1,573,0.29,3,famille,0
39,14748.53,50,6522.17,67,0.375443,6,8,536,0.66,5,locataire,1
64,94934.23,11,41696.59,18,0.482148,1,72.94,437,0.62,3,locataire,1
53,90735.35,69,38161.34,13,0.21672,3,10,478,0.28,2,locataire,0
23,58741.07,23,36444.98,46,0.31237,4,8,529,0.27,6,famille,0
31,87334.73,118,33886.76,54,0.494928,5,0,613,0.65,2,locataire,0
46,48929.06,28,9582.13,40,0.502161,0,8,754,0.21,5,locataire,0
48,86972.15,140,1136.38,20,0.507304,6,2,766,0.79,2,proprietaire,0
23,22651.4,193,805.98,19,0.371664,5,10,621,0.23,6,locataire,0
59,46180.51,199,39150.28,29,0.035213,4,12,457,0.42,4,locataire,1
65,82156.63,153,11463.83,17,0.468122,6,5,520,0.71,1,locataire,0
41,62913.68,65,9204.52,60,1.242286,1,1,490,0.22,3,locataire,0
50,NA,145,17173.71,8,0.576261,22.43,11,819,0.33,5,famille,0
51,58893.0,75,27420.42,37,1.168666,1,5,543,0.65,3,locataire,0
47,34127.89,174,24871.55,33,0.120713,2,9,748,0.96,5,famille,1
45,67407.38,134,24120.13,64,0.134445,6,11,443,0.05,0,locataire,1
44,90971.41,53,44166.89,6,0.376991,5,4,443,0.37,6,locataire,1
29,12517.79,140,14755.99,70,0.682347,4,0,472,0.2,4,locataire,0
51,35996.29,200,14279.02,47,0.291063,4,2,403,0.47,3,proprietaire,0
63,89877.34,232,39744.84,78,0.532738,2,9,757,0.93,6,famille,0
34,35094.55,118,38176.55,38,0.45094,6,2,795,0.71,4,famille,0
29,67620.42,79,33452.1,56,0.738431,6,6,722,0.68,6,proprietaire,1
56,13235.25,,35748.95,77,0.454353,4,7,754,0.26,3,locataire,0
27,55640.12,217,3594.16,79,0.553412,4,6,670,0.83,3,famille,0
64,35219.28,77,8594.56,81,0.202767,2,2,482,0.06,5,famille,0
65,39117.49,27,33458.43,39,0.009486,0,2,423,0.94,0,locataire,1
53,25135.37,184,43329.72,37,0.407456,7,4,711,0.45,4,famille,1
23,18729.64,106,34845.84,63,0.089225,1,12,503,0.33,3,famille,0
58,74538.97,125,8534.34,57,0.292707,4,3,712,0.02,2,famille,0
28,29051.3,195,35879.6,57,0.75523,1,8,406,0.47,4,locataire,1
23,76899.61,98,43807.76,66,0.371486,7,5,584,0.52,3,locataire,1
52,59408.92,194,31612.38,NA,0.357532,3,,747,0.04,6,proprietaire,0
56,NA,34,33268.63,31,0.869624,7,3,508,0.11,1,locataire,1
65,79821.3,83,12959.79,84,0.520355,3,9,437,0.65,5,proprietaire,0
49,82562.19,151,27299.05,51,0.514106,1,5,763,0.88,3,proprietaire,0
48,73752.4,157,23971.22,70,0.301509,7,9,514,0.62,4,locataire,1
26,86849.89,44,41151.56,10,0.539235,7,9,815,0.56,1,locataire,0
26,63021.48,56,30489.89,75,0.353565,2,12,723,0.34,6,locataire,0
61,50077.13,150,23113.63,61,0.49634,7,7,541,0.67,2,famille,1
40,34785.37,58,12526.11,74,0.329376,3,2,779,0.14,6,proprietaire,0
32,44794.09,217,22597.56,54,0.156157,1,0,635,0.82,6,famille,0
64,30927.75,231,19149.09,32,0.341904,5,9,588,0.08,0,locataire,1
27,21105.8,112,26807.73,45,0.578853,0,5,563,0.91,0,famille,0
64,30921.21,96,23003.06,"81,00",0.194112,5,3,767,0.8,2,locataire,0
67,61922.37,163,25367.58,30,0.231895,1,5,438,0.76,2,locataire,0
29,20533.15,210,23038.12,60,0.599922,4,5,652,0.09,5,famille,0
39,14076.01,149,3734.89,53,0.194765,2,3,790,0.63,2,locataire,0
41,74448.5,121,23382.13,42,0.174203,1,4,469,0.25,1,famille,1
52,77593.97,80,14030.85,62,0.431339,3,4,510,0.67,4,famille,1
68,22320.25,59,22344.67,50,0.178894,2,11,573,1.0,2,famille,1
67,72105.28,68,31437.81,31,0.56095,2,11,747,0.07,4,famille,0
46,85291.75,64,1957.62,66,0.312383,6,7,423,0.8,2,famille,1
44,74053.59,230,12945.42,17,0.111142,4,3,406,0.02,6,,0
64,85621.19,160,39638.69,84,0.25119,2,2,646,0.46,1,famille,0
67,19167.07,228,13223.36,33,0.091402,6,3,418,0.89,1,locataire,0
56,41164.17,208,5595.62,43,0,1,12,808,0.21,0,famille,0
63,46466.2,1,10867.93,81,0.686005,3,10,676,0.62,0,famille,0
68,39664.57,,41829.43,31,0.325255,5,6,812,0.9,5,locataire,0
51,"86274,48",40,44405.4,51,0.874002,2,12,502,0.48,5,locataire,0
46,69930.04,15,31215.11,26,0.140408,0,0,488,NA,3,proprietaire,0
41,86055.97,126,24418.41,33,0.557525,7,1,710,0.13,3,famille,0
63,83432.57,23,29853.08,77,0.459826,3,8,402,0.03,6,famille,0
56,88898.71,184,27237.36,19,0.173465,0,8,694,0.62,6,locataire,0
42,30917.65,80,18672.38,47,0.370822,0,4,435,0.97,2,proprietaire,0
48,92701.52,192,1466.64,40,0.642953,0,9,731,0.59,1,locataire,0
53,82548.13,52,5921.08,11,0.182707,6,4,743,0.96,1,locataire,0
63,69065.92,221,37731.95,36,0.386421,0,5,583,0.96,3,famille,1
52,62220.81,2,26369.52,59,0.160385,5,10,571,0.64,6,,0
59,79434.26,186,19827.34,53,0.292099,3,8,712,0.32,2,proprietaire,0
39,61343.97,222,44542.96,70,0.183254,1,11,795,0.02,0,famille,0
38,82181.85,226,14289.93,30,0.576037,5,8,761,0.5,5,proprietaire,0
45,44976.26,113,11316.26,30,1.531824,2,10,428,0.59,2,locataire,1
59,32719.95,201,3468.14,8,0.200002,6,10,499,0.21,3,locataire,1
58,71415.32,51,21843.5,64,0.259592,6,9,636,0.05,3,proprietaire,0
22,27023.25,129,25294.05,7,0.050051,0,3,569,0.54,2,famille,0
59,54155.73,31,34426.74,54,0.494778,4,1,605,0.27,0,famille,0
32,50925.2,"142,00",17157.14,29,0.536679,2,7,449,0.02,6,famille,1
50,85483.49,84,154729.73,63,0.763645,6,0,409,0.26,6,proprietaire,1
61,51017.2,67,41194.45,77,0.398455,5,11,535,0.2,2,famille,1
29,70632.85,50,27084.95,24,0.189617,3,6,432,0.75,0,locataire,1
48,19202.92,90,28871.59,25,0.290696,7,5,583,0.14,6,proprietaire,0
68,44955.85,213,27992.46,35,0.371339,4,1,784,0.07,3,locataire,0
37,81115.27,36,23055.42,59,0.360196,5,6,556,0.17,6,famille,1
60,77905.11,228,30736.55,39,0.621677,1,4,650,0.53,4,famille,0
65,63903.26,56,34684.91,80,0.256301,1,5,811,0.97,5,proprietaire,0
22,24118.97,67,32316.85,65,0.734581,1,2,728,0.79,6,locataire,0
65,68650.03,179,41889.77,29,0.759348,3,12,712,0.03,3,locataire,1
68,26249.22,150,26980.61,36,0.176055,1,7,777,0.49,1,famille,0
68,92628.15,44,8441.89,67,0.461057,5,2,794,0.44,1,locataire,0
58,25615.35,210,26944.47,43,0.039088,6,5,593,0.75,3,proprietaire,0
39,71678.25,56,25362.13,69,0.179627,4,12,585,0.64,0,locataire,0
66,14181.01,2,37936.17,70,0.47638,3,10,464,0.74,4,famille,1
,71746.83,137,5023.62,82,0.189053,0,11,599,0.38,5,famille,0
61,72416.72,156,7535.42,38,0.020884,5,7,672,0.33,4,locataire,0
27,39647.14,102,20992.66,72,0.299283,0,8,676,0.1,4,famille,0
61,80581.45,159,30006.44,19,0.674562,6,7,659,0.16,4,locataire,0
55,56439.01,110,29355.85,65,0.57234,7,9,577,1.0,3,locataire,1
63,78051.83,164,8757.29,45,0.658545,5,8,665,0.88,6,locataire,0
43,51697.31,4,4647.55,14,0.696521,7,0,687,0.17,0,proprietaire,0
49,89711.77,26,25771.48,78,0.338525,6,7,819,0.2,4,locataire,0
55,88733.03,51,34506.38,73,0.313641,7,6,483,0.07,17.71,locataire,0
68,54339.31,53,8360.83,13,0.28452,0,11,784,0.04,6,proprietaire,0
68,91053.48,152,29740.56,45,0.509303,3,5,724,0.83,5,famille,0
31,28992.45,157,33326.3,18,1.310769,7,11,684,0.11,1,famille,0
55,90136.38,238,38688.13,70,0.597463,7,5,400,0.79,4,proprietaire,1
50,87782.12,24,44990.37,21,0.574383,5,7,473,0.88,6,locataire,1
51,25731.74,177,6993.31,28,0.264036,6,8,623,0.1,2,locataire,0
30,73798.3,156,42474.0,82,0.507135,3,10,811,0.22,1,locataire,0
48,15806.65,204,15400.7,77,0.667829,1,6,409,0.19,4,proprietaire,0
43,29726.57,67,1808.84,79,0.573604,0,2,703,0.51,0,locataire,0
57,41034.63,223,23427.64,,0.460735,3,9,788,0.7,2,proprietaire,0
43,47354.6,40,26510.46,25,0.887293,6,10,729,0.7,5,proprietaire,0
35,18668.1,220,5585.32,56,0.377726,0,9,640,0.99,2,proprietaire,1
43,44062.75,233,32756.58,36,0.58501,6,6,523,0.45,5,proprietaire,1
42,48868.07,154,9972.89,66,0.614929,3,10,400,0.59,2,proprietaire,1
38,22583.79,0,20112.94,51,0.242792,2,5,472,0.7,NA,proprietaire,0
68,40979.06,178,17370.14,70,0.334148,4,0,416,0.27,5,famille,0
27,53984.17,201,44342.42,42,0.18845,3,5,818,0.45,6,famille,0
326.47,28090.02,102,6853.18,57,0,1,9,677,0.83,5,famille,0
26,66590.87,89,42250.53,84,0.152349,5,4,645,0.53,2,famille,0
28,83820.02,138,32230.85,57,0.301831,6,7,769,0.55,4,locataire,1
47,89328.83,226,1332.1,37,0.230654,1,7,505,0.52,0,locataire,1
30,92283.7,81,13225.85,53,0.385512,2,9,657,0.15,4,locataire,0
39,90621.65,50,34107.04,46,0.315066,5,6,727,0.12,2,proprietaire,0
57,70442.22,143,33067.75,78,0.361483,2,12,488,0.78,6,famille,1
59,21612.63,4,28121.66,15,0.527675,6,9,793,0.71,5,proprietaire,0
30,45336.96,142,24516.45,77,0.299749,7,2,426,0.74,1,locataire,1
36,38966.06,98,33780.5,75,0.318592,1,2,589,0.97,1,famille,0
40,78415.18,185,43529.03,60,0,5,10,801,0.52,1,proprietaire,1
54,72870.95,56,39315.96,29,0.396157,2,6,528,0.32,4,proprietaire,0
36,55387.61,135,41961.17,22,0.48629,2,10,444,0.31,1,proprietaire,1
53,73514.28,60,40733.33,29,0.30451,4,1,782,0.69,,famille,0
43,25980.52,33,1771.85,32,0.240052,7,10,518,0.41,3,famille,0
62,43922.46,122,1166.08,70,0.44368,4,9,436,0.32,5,locataire,1
32,86213.61,213,10255.79,16,0.757429,5.17,10,702,0.97,3,proprietaire,0
64,44059.87,91,5952.05,14,0.044454,7,12,774,0.22,1,proprietaire,0
35,44185.72,14,31226.7,78,0,5,10,738,0.99,0,proprietaire,0
59,53061.36,121,16012.24,44,0.520318,5,10,632,0.78,0,proprietaire,0
25,79112.31,208,34646.54,25,0.390217,7,3,692,0.71,2,locataire,0
63,76515.38,80,23163.72,36,2.828673,3,12,707,0.48,5,proprietaire,0
67,15797.82,84,44915.03,77,0.466234,5,1,723,0.56,17.28,proprietaire,0
35,32707.61,142,4375.27,64,0.208234,7,5,589,0.12,4,famille,0
38,79270.82,4,17646.43,60,0.208291,0,2,548,0.24,5,proprietaire,0
64,87088.5,45,43025.14,74,0.712309,2,0,510,0.22,6,proprietaire,0
29,47350.53,190,24846.52,71,0.325642,5,8,588,0.59,6,famille,0
55,75595.78,218,9917.81,67,0.262991,4,11,769,0.48,4,locataire,0
28,48693.04,83,35543.16,80,0.615784,6,2,788,0.18,5,proprietaire,1
36,70953.84,9,39829.31,10,0.538014,7,7,634,0.29,1,proprietaire,0
67,51539.91,52,27945.19,79,0.094952,0,10,544,0.58,2,locataire,1
48,39891.94,144,32233.01,17,0.226591,2,7,678,0.2,1,locataire,0
53,16275.37,16,28379.17,77,0.296821,0,0,806,0.77,6,proprietaire,0
52,65283.46,213,1278.7,65,0.733819,3,3,459,0.5,5,locataire,0
40,27878.07,25,15603.43,12,0.234977,4,12,475,0.4,2,locataire,0
53,76912.52,219,6476.97,23,0.745123,5,6,438,0.11,1,proprietaire,0
60,54719.15,202,16824.3,33,0.533139,NA,2,790,0.61,2,locataire,0
46,48837.39,136,24562.77,60,0.132153,1,9,782,0.64,3,proprietaire,0
40,24107.53,205,13322.25,37,0.567374,1,7,796,0.73,1,proprietaire,0
62,22134.77,86,33730.04,78,0.477182,3,6,493,0.97,1,famille,1
47,82387.17,25,17997.27,45,0.331633,4,11,616,0.68,2,famille,0
"67,00",53082.61,4,35278.99,64,0,1,10,553,0.37,2,proprietaire,0
47,80755.12,164,7294.74,40,0.643099,1,4,425,0.55,4,locataire,0
36,66826.87,236,4643.95,83,0.355194,1,3,623,0.19,3,famille,0
51,20227.04,236,5619.85,22,0.798938,3,7,510,0.07,2,locataire,0
39,37483.78,235,34874.86,17,0.067629,2,12,495,0.34,1,locataire,0
23,64238.25,8,24054.56,74,0.21613,0,7,590,0.53,0,locataire,0
41,34864.32,34,34760.11,74,0.130538,1,1,443,0.85,1,proprietaire,1
29,25981.31,5,10493.78,11,0.529439,5,8,625,0.63,0,proprietaire,0
50,40497.69,54,44717.03,47,0.006947,0,10,517,0.91,2,famille,1
59,19300.04,204,21458.63,52,0.686325,1,1,756,0.89,5,proprietaire,0
37,64901.94,36,39368.97,81,0.148614,1,3,576,0.43,2,proprietaire,0
49,25049.31,45,43314.95,47,0.179937,0,8,636,0.15,5,famille,0
51,44528.68,100,5879.98,58,0.499123,0,7,474,0.25,4,famille,0
43,59833.94,126,8026.42,77,0.179317,5,6,590,0.3,3,famille,1
65,89046.02,29,6928.5,61,0.20118,7,2,550,0.2,2,locataire,0
50,70260.74,61,36139.0,72,0.081565,2,12,800,0.97,6,famille,0
47,68963.2,107,31133.19,14,0.713647,6,11,471,0.51,6,famille,0
61,36516.69,1787.07,28205.48,9,0.232151,1,10,687,0.6,4,locataire,0
63,80952.32,157,33672.25,71,0.768043,3,2,433,0.99,0,proprietaire,1
67,25834.97,223,1964.41,34,0.215257,0,4,472,0.85,2,proprietaire,0
35,56101.03,228,9498.18,80,0.483067,3,4,813,0.09,3,proprietaire,0
30,82581.37,110,4981.5,26,0.193381,4,8,659,0.69,3,proprietaire,0
28,41901.61,234,9706.3,23,0.74283,7,1,476,0.63,6,locataire,0
48,27973.52,132,21673.4,15,0.35313,0,4,532,0.25,5,proprietaire,0
47,66226.07,154,21922.5,78,0.724895,5,2,573,0.98,1,locataire,1
43,23899.26,172,18900.2,60,0.567556,0,10,669,,5,locataire,0
51,38215.74,91,43575.68,45,0.571148,2,7,571,0.3,1,proprietaire,1
24,63928.17,234,35371.69,76,0.573016,2,2,746,0.73,2,locataire,0
37,15020.4,210,39084.56,12,0.25867,1,9,"706,00",0.73,3,locataire,1
47,59216.73,121,7597.2,9,0.267436,0,10,733,0.07,4,locataire,0
58,67003.07,62,8556.32,30,0,2,4,429,0.64,3,locataire,1
41,55399.77,190,7656.81,35,0.364429,3,9,731,0.62,2,famille,0
53,50560.0,162,26394.67,54,0.688333,6,10,482,0.42,3,famille,0
66,28361.64,45,12936.22,39,0.209297,2,3,818,0.42,4,locataire,0
33,16360.51,104,16312.99,80,0.660632,5,6,511,0.51,0,proprietaire,0
54,72959.19,165,31800.56,29,0.277012,7,12,459,0.79,6,proprietaire,1
52,26956.18,213,35937.94,60,0.125162,0,8,759,0.82,6,famille,0
39,33475.45,20,25493.46,75,0.268268,7,8,758,0.81,5,locataire,0
64,45818.13,155,29834.0,54,0.548107,3,8,779,0.74,4,proprietaire,0
62,55650.29,164,35048.72,58,0.423384,0,0,462,0.52,6,locataire,0
30,81249.7,189,31726.92,46,0.674489,0,1,715,0.84,5,proprietaire,0
65,57138.65,182,17765.83,84,0.440149,0,0,631,0.88,2,proprietaire,0
37,64674.88,26,9526.66,6,1.393957,0,6,681,0.25,3,famille,0
31,27300.13,145,23971.72,64,0.214573,2,4,622,0.66,4,proprietaire,1
215.25,63945.2,48,44583.33,26,0.206807,7,7,629,1.0,0,locataire,1
63,75470.19,93,26734.66,21,0.104161,7,4,430,0.92,4,famille,0
38,93587.3,16,41098.71,58,0.634495,6,1,533,0.84,6,proprietaire,1
53,30853.3,165,21732.04,34,0.523536,1,5,671,0.53,2,proprietaire,0
,74879.84,142,19951.16,46,0.515797,5,7,796,0.39,1,proprietaire,0
62,23066.41,42,2237.44,32,0.115257,7,1,627,0.54,5,locataire,0
51,58438.88,9,27096.9,58,0.588402,3,1,594,0.17,3,proprietaire,0
68,49608.5,34,42935.24,22,0.520994,2,10,611,0.62,3,proprietaire,1
56,41293.37,211,7342.5,78,0.606596,1,7,456,0.53,0,locataire,0
49,34893.99,142,24124.15,81,0.340798,2,9,477,0.63,6,famille,0
52,12116.9,60,12703.92,41,0.406878,1,8,688,0.99,6,proprietaire,1
37,,93,7720.41,27,0.500076,3,8,606,1.0,6,locataire,0
36,24475.97,19,2222.28,64,0.437699,6,2,484,0.29,2,famille,0
39,64465.3,20,28719.38,10,0.272377,6,1,610,0.56,0,proprietaire,1
45,35640.11,78,14571.38,41,0.588423,7,8,717,0.4,5,locataire,0
66,32622.21,71,13608.77,23,0.656116,5,10,787,0.89,4,locataire,0
31,30116.71,22,20928.49,67,0.527166,7,6,616,0.44,6,proprietaire,0
67,75365.09,84,35257.4,31,0.670896,0,0,809,0.92,6,locataire,0
64,28199.01,192,36384.09,71,0.029956,3,9,422,0.63,2,locataire,1
55,44988.92,89,13601.13,25,0.208027,2,2,656,0.76,5,famille,1
42,36378.88,135,24380.69,62,0.565611,3,3,514,0.08,6,famille,1
29,87575.95,3,13207.96,31,0.416132,4,6,590,0.06,5,proprietaire,0
43,89894.37,117,24881.83,29,0.11208,4,6,731,0.37,5,locataire,0
67,13210.11,41,38822.83,23,0.552502,4,9,689,0.4,2,famille,1
64,61524.89,233,40670.79,9,0.577445,6,5,465,0.6,3,locataire,1
28,15325.12,11,3941.32,29,0.1274,2,0,696,0.88,2,proprietaire,0
27,91664.38,28,26486.51,27,0.113423,6,9,790,0.31,6,locataire,0
52,88127.03,101,23513.87,79,0.810552,6,2,765,0.56,5,proprietaire,1
56,23072.96,65,12939.45,35,0.247699,4,9,757,0.92,4,famille,1
25,51550.27,211,,79,0.627752,5,11,661,0.72,3,famille,0
64,45170.21,240,829.68,70,0.212199,1,4,474,0.29,2,locataire,0
53,18209.49,69,2452.48,80,0.731252,4,8,799,0.25,1,famille,0
66,52762.17,105,23392.35,8,0.710854,4,7,535,0.89,4,locataire,0
35,29422.2,216,9080.79,81,0.401466,5,9,585,0.97,2,locataire,0
34,59698.47,75,5848.15,43,0.335958,3,9,653,0.6,1,famille,0
66,80778.0,40,41935.82,38,0.102911,2,9,503,0.38,2,proprietaire,0
68,89090.65,63,34982.57,55,0.343623,1,7,422,0.23,6,proprietaire,1
59,49156.58,8,33124.75,43,0,5,12,817,0.26,4,locataire,0
42,79684.8,198,5623.68,74,0.184593,1,2,566,0.73,3,locataire,0
68,71026.16,130,9719.4,20,0.603836,2,11,808,0.87,,locataire,0
60,58753.2,213,2886.18,37,0.728339,6,12,452,0.44,5,famille,1
52,84924.23,64,20265.55,17,0.236519,,9,580,0.78,4,locataire,1
40,38921.09,0,1836.58,25,0.331402,3,1,612,0.42,0,famille,0
39,49107.5,135,30543.79,12,0.619047,2,3,415,0.06,3,locataire,0
30,67469.33,134,22952.24,51,0.697516,2,5,425,0.96,2,famille,0
56,74922.49,17,43837.33,26,0.358509,6,2,680,0.77,0,locataire,0
35,85887.37,61,35015.8,76,0.607608,3,6,712,0.96,4,famille,0
30,34738.67,14,38383.74,70,0.335567,3,9,720,0.37,2,proprietaire,1
32,28309.02,80,38805.34,41,0.616388,6,6,690,0.0,0,famille,1
54,59047.77,,14920.74,20,0.036231,6,12,727,0.97,0,proprietaire,0
49,21173.56,162,4755.41,51,0.272407,3,10,545,0.73,6,famille,0
49,57858.0,200,35773.86,72,0.367269,1,7,718,0.38,1,locataire,0
56,64398.71,55,41610.46,71,0.665726,2,9,442,0.64,5,famille,1
61,22468.73,56,31780.08,34,0.292472,5,8,620,0.63,1,famille,0
31,53403.73,185,37143.8,65,0.107186,3,10,682,0.51,5,famille,1
NA,68492.32,32,4245.5,19,0.721276,1,10,408,0.9,1,locataire,0
57,87899.8,159,5862.53,80,0.072716,2,1,594,0.07,0,locataire,0
44,47479.27,222,39586.48,9,0.564518,4,12,620,0.8,2,proprietaire,0
34,22403.4,209,9874.28,30,0,3,12,439,0.75,4,proprietaire,0
62,26667.52,217,39565.27,82,0.006671,7,11,526,0.28,1,proprietaire,0
28,54881.61,66,34206.99,75,0.776886,7,11,424,0.85,0,locataire,1
40,86380.37,172,25373.1,32,0.427311,6,8,539,0.12,6,proprietaire,1
60,40817.6,95,31965.39,55,0.31111,3,12,549,0.75,6,proprietaire,0
68,69221.3,187,31990.18,7,2.352831,7,9,492,0.33,3,proprietaire,0
43,79321.95,172,9748.87,55,0.044256,7,12,758,0.66,2,famille,0
24,34881.74,162,42960.75,40,0.654927,2,11,518,0.65,6,proprietaire,1
27,57961.08,150,26910.33,40,0.745542,1,9,584,0.72,2,famille,0
34,71466.42,182,22820.08,26,0.49224,0,10,445,0.0,3,locataire,0
64,32540.2,52,17150.98,56,0.490332,5,10,786,0.79,3,famille,0
66,73616.01,67,25871.97,68,0.339874,6,9,536,0.18,5,locataire,0
58,67543.3,165,39793.79,32,0.145776,6,8,547,0.44,6,proprietaire,1
35,52803.37,69,20193.33,46,0.512601,3,3,758,0.78,2,famille,0
48,41134.37,144,2267.2,80,0.154594,7,3,701,0.81,6,famille,0
47,58464.22,220,11365.79,24,0.532852,1,4,450,0.63,0,locataire,1
37,87807.61,14,42568.73,37,0.082632,0,5,491,0.25,0,famille,0
35,44838.56,87,42677.53,43,0.405457,6,11,718,0.34,4,locataire,0
57,20622.02,30,13106.48,65,0.640881,0,11,465,0.08,0,locataire,0
57,33706.05,27,17326.89,19,0.166826,4,10,720,0.26,1,proprietaire,0
61,69741.05,14,8954.07,44,0.326588,5,10,748,0.76,6,proprietaire,0
32,48176.09,187,35530.5,,0.168652,1,6,605,0.42,2,locataire,0
48,54803.78,237,15392.91,28,0.702865,4,2,477,0.97,6,famille,0
38,49620.33,141,3903.36,33,0.328088,0,6,496,0.4,6,locataire,0
60,69037.69,239,44825.88,43,0.096438,3,6,569,0.58,0,famille,1
43,23364.08,159,3654.15,32,0.388751,4,1,724,0.1,0,locataire,0
41,73779.97,38,25643.92,44,0.75339,7,7,602,0.66,3,locataire,1
54,21323.88,225,27683.14,83,0.255221,6,8,515,0.09,3,famille,0
55,86330.11,83,19580.75,39,0.154378,6,3,788,0.19,2,proprietaire,0
24,62604.93,221,35200.89,28,0.13353,1,0,655,0.59,,proprietaire,1
67,79153.61,193,27398.7,16,0.287906,1,1,747,0.84,2,proprietaire,0
30,26831.81,66,182989.23,63,0.40171,2,6,569,0.03,4,locataire,0
49,26037.62,185,24737.16,29,0.181413,0,3,567,0.47,2,proprietaire,0
65,,8,23533.25,30,0.075444,0,0,709,0.85,6,proprietaire,0
24,42681.05,123,1477.54,50,0.75546,7,5,803,0.84,6,proprietaire,0
50,30411.11,83,41930.95,17,0.28193,1,2,687,0.2,2,proprietaire,0
42,18158.64,24,1137.31,66,0.755105,5,7,481,0.35,6,locataire,0
,77161.66,188,27721.93,44,0.35115,4,3,456,0.16,40.17,proprietaire,1
49,29836.29,34,5330.9,28,0.319499,4,12,400,0.59,4,famille,0
24,71273.3,220,272875.25,9,0.520407,0,11,700,0.38,4,proprietaire,0
68,84786.63,133,43350.3,15,0.536261,6,3,607,0.97,1,locataire,0
,81882.6,84,9369.16,35,0.555359,1,11,436,0.93,6,famille,0
40,91257.84,81,4079.95,12,0.47692,4,9,484,0.8,4,locataire,1
25,60368.66,223,3326.07,30,0.309656,3,7,706,0.28,4,famille,0
24,83355.88,62,43604.29,24,0,3,2,786,0.92,0,locataire,0
42,40892.71,97,34024.02,58,0.125966,1,11,795,0.66,0,locataire,0
23,16200.32,196,16050.9,34,0.383804,3,8,739,0.88,1,proprietaire,0
65,12487.34,65,20962.61,23,0.570567,3,10,639,0.8,2,proprietaire,1
60,63307.59,189,35614.15,60,0.66015,2,1,600,0.84,3,locataire,1
59,83793.57,56,27374.74,76,0.115283,5,9,487,0.45,0,proprietaire,1
,38650.7,117,34474.98,63,0.266498,1,8,578,0.67,2,famille,0
35,78020.19,85,23106.67,12,0.181365,4,8,441,0.32,0,famille,1
43,38271.56,81,12054.81,68,1.310776,5,10,513,NA,0,proprietaire,1
34,58964.53,161,22062.84,52,0.510624,5,11,783,0.62,4,famille,0
54,30542.45,192,28237.9,26,0.475916,0,1,456,0.07,6,proprietaire,0
56,89205.73,75,19171.84,17,0,7,0,731,0.67,1,famille,0
62,71965.87,8,32466.96,79,0.361223,2,5,461,0.84,2,locataire,1
62,88701.98,72,17555.36,34,0.808,5,11,571,0.3,6,famille,0
61,12930.03,37,7466.98,6,0,5,6,674,0.56,5,proprietaire,0
44,78028.53,28,23236.14,47,0.444763,2,2,818,0.53,5,locataire,0
62,87722.83,30,16010.57,73,0.302406,5,4,550,0.75,4,proprietaire,0
28,47206.33,101,28408.57,79,0.03356,0,2,504,0.79,5,famille,0
31,50300.67,"59,00",12898.92,54,0.335244,2,9,659,0.51,1,famille,0
40,44547.51,83,8877.03,75,0.396211,6,1,753,0.95,5,locataire,0
60,80612.08,56,9190.79,45,0.155109,0,8,583,0.85,3,proprietaire,0
22,31591.05,219,43219.18,11,0.391058,5,10,705,0.66,4,proprietaire,1
51,67546.97,101,19729.09,48,0.350478,2,8,804,0.79,2,proprietaire,0
39,83696.88,40,36908.92,14,0.695726,7,,736,0.42,6,famille,0
28,47356.69,155,12208.96,39,0.293734,4,10,573,0.03,1,proprietaire,1
58,17346.39,113,9919.67,84,0.149094,3,1,644,1.0,0,locataire,0
62,67918.1,222,24045.11,30,0.611328,6,5,479,0.04,3,famille,1
66,80149.53,52,17465.35,36,1.436345,7,4,653,0.94,4,locataire,1
62,63039.91,110,,28,0.023013,4,2,656,0.78,0,famille,0
25,72333.05,59,8350.46,81,0.493426,1,7,462,0.86,3,proprietaire,0
44,33501.79,199,30437.66,60,0.669623,2,0,636,0.19,6,famille,0
30,18206.62,159,30951.8,13,0.135966,5,1,820,0.97,4,locataire,0
22,46286.36,149,40945.28,20,0.544376,6,0,467,0.93,1,famille,0
43,46346.59,8,31941.09,61,0.704235,6,11,444,0.69,0,famille,1
28,83270.29,95,24158.29,35,0.205507,4,2,671,0.6,0,locataire,0
62,68934.73,91,34070.23,42,0.59936,6,3,472,0.67,4,famille,1
66,53038.18,95,10974.34,75,0.514606,5,10,516,0.94,3,locataire,0
35,54124.1,33,39961.31,56,0.431595,0,5,470,0.97,2,famille,0
46,49062.03,110,20833.16,42,0.617112,0,7,675,0.72,3,proprietaire,1
32,43243.26,78,8341.16,54,0.375537,4,0,699,0.44,3,famille,0
55,68157.54,168,7240.37,58,0,7,3,538,0.33,2,famille,0
35,35320.9,141,1640.92,17,0.118285,2,1,518,0.32,5,locataire,0
67,41185.28,38,13645.67,10,0.225382,3,8,666,0.2,6,locataire,0
62,89163.37,169,4886.12,65,0.245221,1,12,653,0.97,0,locataire,0
32,74858.64,95,31061.73,61,0.579508,5,12,806,0.46,4,famille,1
51,49231.14,47,37015.45,40,0.402115,7,3,458,0.66,3,proprietaire,1
66,12784.56,217,15414.04,62,0.458676,5,6,405,0.01,5,locataire,0
47,94942.0,61,41674.01,47,0.147607,5,5,572,0.56,6,locataire,0
41,83715.68,101,35059.07,71,0.313199,7,11,641,0.47,6,proprietaire,0
63,40604.25,93,35429.8,65,0.329742,4,0,815,0.37,6,famille,0
57,30891.35,190,39283.77,50,0.535734,1,9,798,0.11,3,famille,0
54,NA,231,22472.46,35,0.385716,1,8,724,0.94,6,proprietaire,0
24,48022.63,208,5439.9,66,0.014067,4,7,421,0.95,1,proprietaire,0
68,57026.01,162,16207.85,8,0.819405,2,9,469,0.42,4,locataire,1
59,16208.04,87,40714.48,39,0.466076,0,5,675,0.16,5,famille,0
46,23242.34,184,3450.94,61,0.560933,5,3,514,0.21,4,famille,1
43,22085.46,31,8648.93,72,0.484722,1,12,457,0.06,4,famille,0
49,31332.02,229,37292.04,8,0.000935,1,11,612,0.14,2,proprietaire,0
54,64089.81,147,29651.92,76,0.060169,7,6,724,0.7,5,proprietaire,0
37,28267.09,91,23924.85,52,0.323,0,11,793,0.69,2,proprietaire,0
30,70000.85,99,25415.61,54,0.24319,6,5,498,0.18,6,locataire,0
54,70424.5,28,33561.89,70,0.149208,3,5,781,0.79,5,famille,0
24,42520.2,135,9891.2,20,0.054293,6,11,519,0.09,0,locataire,0
30,75686.12,14,20571.63,50,0,6,9,705,0.51,3,proprietaire,1
33,45641.21,14,38343.83,56,0.506424,3,5,678,0.93,0,famille,0
26,91138.88,183,NA,71,0.575818,2,1,487,0.89,0,proprietaire,0
49,67468.66,174,11883.07,6,0.54406,2,5,601,0.85,6,proprietaire,0
60,82286.34,208,10025.97,50,0.060732,6,1,695,0.38,5,famille,0
34,64100.85,52,22641.77,54,0.237045,0,6,677,0.67,1,locataire,0
31,31124.81,199,7563.25,47,0.586983,3,5,685,0.24,5,famille,0
36,13156.51,201,8044.5,31,0.201355,1,10,631,0.95,3,proprietaire,0
43,45339.82,120,30954.05,29,0.757854,7,4,585,0.83,4,proprietaire,0
65,91028.33,238,27734.14,,0.020886,3,2,548,0.52,5,famille,0
52,69447.33,151,25005.79,72,0.501434,6,4,459,0.34,1,locataire,0
30,39502.3,236,43555.81,20,0.351555,3,9,797,0.2,4,locataire,0
24,13014.47,23,8292.8,64,0.106987,0,1,634,0.86,4,proprietaire,0
29,92206.94,27,30335.11,53,0.125239,2,4,687,0.45,4,locataire,0
40,24723.81,95,34168.72,70,0.315667,6,3,510,0.52,1,proprietaire,0
54,45230.03,34,1219.03,48,0.691598,4,2,777,0.12,0,locataire,0
23,57041.71,13,5062.84,11,0.50239,1,6,554,0.98,0,famille,0
62,58379.04,201,4948.42,54,0.306953,2,6,567,0.72,1,locataire,0
64,20968.46,78,10529.69,66,0.286683,1,0,805,0.57,5,proprietaire,0
35,48059.64,228,39296.31,60,0.41652,1,5,618,0.43,3,locataire,0
58,53610.1,153,36451.96,14,0.568236,7,3,724,0.95,3,famille,0
62,85821.52,31,8887.0,16,0.611372,4,9,583,0.98,5,proprietaire,0
43,68404.54,134,17297.27,29,0.716813,5,7,463,0.7,3,proprietaire,1
59,77325.54,204,33480.99,37,0.735082,1,0,766,0.76,2,proprietaire,1
57,12843.17,182,1787.6,72,0.544907,7,0,552,0.81,0,locataire,0
60,16541.8,182,8230.36,37,0.516303,2,5,745,0.51,2,famille,0
67,19753.74,184,14763.38,74,0.273872,7,3,742,0.64,5,famille,0
62,93467.44,213,17708.03,77,0.66346,3,12,794,0.75,3,proprietaire,0
64,47651.81,223,11118.08,9,0.19071,0,12,423,0.42,0,famille,0
51,58004.62,230,1967.64,84,0.577154,2,7,526,0.3,6,locataire,0
24,57625.8,176,5688.04,8,0.310489,6,6,553,0.24,2,proprietaire,0
68,17416.52,194,42268.9,27,0,6,1,505,0.24,6,locataire,0
68,38590.39,110,25513.8,47,0.867573,2,8,430,0.24,3,proprietaire,0
41,77883.94,158,43589.57,83,0.156072,1,3,812,0.12,1,famille,0
47,88731.12,84,18827.13,21,0.293155,6,0,531,0.05,4,famille,0
66,39901.88,230,32642.88,79,0.557791,1,10,752,0.77,3,famille,0
59,17550.44,18,38877.25,59,0.158281,2,12,513,0.53,3,locataire,0
63,82697.0,220,12347.32,47,0.309292,7,8,759,0.52,2,proprietaire,0
38,85746.95,57,42000.15,49,0.109114,7,2,448,0.56,5,proprietaire,0
52,86141.55,111,41023.38,30,0.205786,5,56.94,776,0.11,5,locataire,0
59,41122.19,213,12768.12,57,0.014322,5,6,696,0.74,3,famille,0
61,64415.05,8,10759.17,53,0.457916,5,2,610,0.62,0,locataire,1
48,14430.49,171,4089.52,20,0.398294,7,6,705,0.17,5,proprietaire,0
66,41298.02,102,14569.85,37,0.241688,3,7,661,0.1,0,locataire,0
68,59519.05,206,30364.68,23,0.374955,1,11,688,0.39,1,proprietaire,0
43,17765.62,18,38879.23,34,0.645544,0,1,774,0.26,2,famille,0
64,67275.43,80,13455.2,79,0.461272,7,3,743,0.34,5,locataire,0
54,21759.11,17,17241.7,52,0.406835,5,10,768,0.63,5,proprietaire,0
45,14107.61,167,27769.37,68,0.434559,7,3,733,0.03,1,famille,0
46,49622.21,77,26149.78,73,0.329288,6,2,415,0.6,6,famille,1
30,71672.79,67,37247.23,48,0.365912,2,10,463,0.38,4,famille,0
46,77516.76,174,21536.78,32,0.109361,2,4,749,0.58,1,famille,0
68,66873.52,185,9827.32,51,0.420231,1,3,633,0.92,5,locataire,0
63,77134.58,21,30972.76,14,0.596098,2,2,563,0.27,0,famille,0
46,20379.75,226,12491.51,17,0.351141,0,2,630,0.27,0,locataire,0
28,22844.29,123,16964.62,38,0.19799,3,2,683,0.63,2,famille,0
57,80429.51,143,37899.79,83,0.545843,5,8,527,0.73,1,locataire,1
48,44315.36,18,32076.36,16,0.314744,6,5,717,0.65,1,famille,1
25,69499.77,135,35226.46,9,0.087396,2,1,510,0.43,4,locataire,0
57,79209.28,171,13098.66,65,0.535067,6,2,485,0.45,1,locataire,0
50,69659.81,168,32218.06,26,0.42878,4,4,450,0.56,0,locataire,1
48,17912.2,53,39366.43,66,0.099585,4,3,804,0.29,0,locataire,0
38,27573.59,226,20593.47,28,0.09102,5,9,685,0.14,5,locataire,0
43,20121.35,NA,15276.05,42,0.499942,6,5,495,0.84,0,famille,0
40,47271.32,81,10006.32,9,0.716177,1,8,613,0.55,5,famille,0
44,51947.44,70,38369.28,84,0.40349,4,2,496,0.2,3,proprietaire,0
68,82826.92,138,42117.09,34,0.502959,0,1,609,0.72,2,proprietaire,1
49,40798.7,130,28337.46,69,0.689968,2,10,790,0.08,0,proprietaire,0
25,83560.7,221,,83,0.659762,3,4,588,0.33,4,famille,1
30,68480.92,112,25613.51,40,0.327846,4,0,489,0.27,1,famille,0
43,53756.34,,22196.69,10,0.526205,5,10,466,0.88,5,proprietaire,1
43,24207.53,6,4469.54,41,0.463263,3,6,528,0.16,2,proprietaire,0
29,48480.59,100,9446.87,42,0.326684,6,3,422,0.96,6,locataire,0
41,75012.32,53,11503.45,31,0.188654,7,3,705,0.54,6,famille,0
49,26948.19,57,9791.17,68,0.647152,3,11,516,0.84,5,famille,0
28,87679.64,29,11198.57,6,0.268774,0,3,699,0.91,4,proprietaire,0
65,82495.57,175,7467.13,7,0.372892,4,12,550,0.23,5,locataire,0
34,33958.56,138,19579.54,78,0.24751,4,12,698,0.87,5,locataire,0
28,46529.93,162,9506.61,77,0.642503,5,10,574,0.53,3,famille,1
61,78843.2,98,33767.35,20,0.347503,3,7,675,0.93,1,famille,0
23,,191,9308.65,65,0.607246,0,10,785,0.52,1,proprietaire,0
36,42620.41,117,39948.99,62,0.447651,2,3,510,0.1,,famille,0
54,39532.2,83,25926.19,49,0.072566,2,1,538,0.12,0,proprietaire,0
49,62295.84,94,25098.87,69,0.073437,0,0,597,0.83,4,proprietaire,0
52,91003.23,13,36924.12,78,0.216711,1,11,765,0.54,0,famille,0
44,27395.81,208,16019.99,13,0.544097,7,10,456,0.43,2,proprietaire,0
40,92299.51,71,43868.41,47,0.226731,2,11,666,0.75,,locataire,0
48,68234.48,138,18506.27,42,0.480175,2,2,456,0.47,4,proprietaire,0
27,46285.67,120,29662.41,38,0.276272,2,6,440,0.03,2,famille,0
50,56389.19,15,26418.85,72,0.078762,0,9,622,0.38,3,proprietaire,1
61,54161.23,228,22505.15,67,0.249398,3,11,471,0.49,"6,00",proprietaire,1
35,61936.2,143,25500.8,75,0.392549,7,12,774,0.8,6,proprietaire,0
35,76413.18,149,28375.11,36,0.592428,1,5,"648,00",0.27,3,proprietaire,1
47,28624.37,101,22408.49,13,0.411764,5,3,539,0.4,1,locataire,0
38,,37,"20700,31",58,0.677447,4,2,713,0.0,0,locataire,0
22,18238.64,60,3946.42,56,0.296304,1,0,431,0.16,4,locataire,0
65,16634.77,134,25354.81,7,0,4,0,523,0.16,5,locataire,0
29,31266.42,209,19285.29,69,0.366929,3,3,634,0.38,0,proprietaire,1
36,44272.24,161,36319.61,22,0.315568,4,4,630,0.08,2,proprietaire,0
66,55708.24,204,37785.4,64,0.573419,1,3,763,0.58,3,famille,1
54,14429.75,54,32989.18,72,0.22058,2,7,698,0.43,5,famille,1
44,83216.54,188,1711.37,10,0.274577,6,0,674,0.22,3,locataire,0
35,89827.35,125,10580.43,17,0.21842,6,3,740,0.52,5,locataire,0
56,28209.61,134,18935.08,40,0.079353,3,0,802,0.43,1,locataire,0
51,12149.73,240,15708.05,38,0.486187,0,8,698,0.13,4,famille,0
46,32880.68,209,21396.0,55,0.303225,6,10,483,0.75,5,locataire,1
56,75386.26,44,18294.52,57,0.479287,7,9,661,0.26,0,famille,0
66,37295.83,112,37162.72,16,0.154886,6,4,497,0.23,5,proprietaire,0
53,27744.78,137,11696.56,35,0.154398,6,2,771,0.25,5,proprietaire,0
31,68348.68,238,25091.25,28,0.13227,5,2,638,0.63,1,locataire,0
63,19956.73,23,12074.67,27,0.426792,2,4,681,0.32,5,proprietaire,0
52,58333.84,101,26397.1,19,0.624072,2,8,419,0.0,3,proprietaire,0
29,64415.51,83,4549.82,63,0.156833,6,,660,0.28,4,locataire,0
55,12545.26,56,38326.82,16,0.2927,,2,451,0.18,3,locataire,1
64,91673.88,71,41591.7,75,0.13709,0,3,787,0.46,2,famille,0
26,15726.3,56,2249.27,22,0.097481,3,12,624,0.14,1,locataire,0
60,92527.97,122,16668.48,42,3.91284,5,1,698,0.9,2,proprietaire,0
25,15466.26,85,29767.63,35,0.547038,3,11,682,1.0,3,proprietaire,1
42,62667.62,231,27338.65,23,0.289347,0,9,704,0.51,1,famille,0
31,16710.79,113,37967.94,46,0,5,5,638,0.47,6,locataire,0
41,34376.66,73,10588.01,46,0.266202,3,12,444,0.4,2,proprietaire,1
44,86834.09,92,21959.48,82,0.32242,5,3,577,0.49,5,locataire,0
38,79898.41,1,29402.45,51,0.030513,2,6,622,0.09,0,locataire,0
60,48077.49,198,23167.91,60,0.303794,7,4,813,0.71,2,locataire,0
24,38011.99,232,5235.87,78,0.213062,1,6,662,0.64,2,locataire,0
52,90509.71,211,34273.75,25,0.730647,2,8,774,0.55,3,famille,0
57,20152.81,115,32393.7,61,0.372255,7,12,707,0.85,0,proprietaire,0
51,67779.29,187,16873.83,15,0.526358,6,1,617,0.07,1,famille,0
37,63101.95,142,9050.42,41,0.138547,6,9,820,0.02,0,famille,0
38,51768.86,87,27655.03,9,0.231425,7,8,813,0.08,1,famille,0
31,72508.13,234,14140.06,76,0.576634,1,7,784,0.49,2,famille,1
66,24737.93,10,32648.32,47,0.119193,6,1,583,0.87,6,famille,0
25,23201.51,112,2760.51,7,0.489593,6,2,604,0.92,5,locataire,0
51,71951.75,69,10253.81,42,0.726193,0,10,470,0.74,2,famille,0
36,39545.13,178,20760.92,37,0.134964,3,7,755,0.84,3,famille,0
44,27353.58,105,14622.96,66,0.654601,0,4,710,0.62,6,locataire,1
28,73510.46,68,24221.92,25,0.463912,4,1,763,0.28,2,locataire,0
43,78966.76,15,17666.25,48,0.35428,5,4,740,0.95,1,famille,0
50,18313.91,139,41150.23,33,0.348669,0,9,592,0.72,2,famille,1
65,20347.03,160,16105.89,25,0.141413,5,5,733,0.12,6,famille,0
26,92365.04,214,37840.17,60,0.18072,2,2,799,0.5,2,famille,0
30,84017.45,54,24048.64,21,0.255174,7,11,558,0.92,6,famille,1
38,87956.24,125,2186.51,43,0.111079,6,7,788,0.64,3,proprietaire,0
62,40068.36,112,22296.28,39,0.356575,5,11,439,0.24,2,famille,0
31,41157.97,61,1101.26,19,0.366268,5,1,710,0.64,3,proprietaire,0
28,90678.63,124,11264.98,26,0.390971,7,5,737,0.93,3,proprietaire,0
29,75664.07,152,15457.21,40,0.089198,2,9,,0.45,3,famille,0
55,12493.19,129,25249.64,19,0.572408,1,11,798,0.85,2,locataire,0
58,75600.97,75,12485.14,44,0.521582,2,11,488,0.06,3,locataire,0
31,74386.84,50,15697.86,31,0.524414,7,7,595,0.19,5,famille,1
29,41103.08,77,11670.2,48,0.440171,1,,636,0.86,2,proprietaire,0
46,38487.03,59,40832.75,16,0.179951,0,12,817,0.79,6,proprietaire,1
24,20065.59,126,28350.29,52,0.410763,2,3,532,0.87,6,proprietaire,0
62,57636.0,141,30057.68,11,2.379516,6,5,646,0.42,1,proprietaire,1
36,82528.46,118,21974.41,81,0.379292,5,0,680,0.83,6,proprietaire,0
23,59373.93,61,43835.21,25,0.514675,7,12,783,,0,famille,0
31,35737.59,71,35173.27,74,0.033005,2,7,678,0.42,3,proprietaire,0
44,45235.16,49,1450.07,15,0.624464,5,4,448,0.88,6,proprietaire,1
54,43801.42,0,21258.58,64,0.645039,6,2,756,0.1,3,famille,0
50,13812.08,94,13860.9,39,0.459011,2,10,639,0.28,6,famille,0
38,39913.96,30,43533.86,30,0.440224,1,0,564,0.13,3,locataire,0
23,12589.09,158,26908.96,84,0.510276,3,11,772,0.37,0,locataire,0
58,81064.09,207,16448.36,42,0.659012,2,5,706,0.07,5,proprietaire,0
35,21906.96,164,35642.8,31,0.273991,7,2,698,0.88,0,famille,0
33,14535.57,22,24175.99,81,0.592959,5,4,623,0.39,1,proprietaire,0
25,50233.4,197,20885.01,42,0.065114,7,2,699,0.84,0,famille,1
50,49810.6,59,7829.02,36,0.530541,0,11,624,0.42,4,famille,0
55,33875.77,142,30811.77,73,0.803577,6,NA,698,0.17,5,famille,0
29,80622.51,166,30711.05,40,0.227818,5,9,565,0.35,3,famille,0
64,92470.57,86,8571.8,83,0.131716,5,5,721,0.87,2,proprietaire,1
23,13569.59,227,42597.42,15,0.518256,6,7,420,0.13,3,famille,1
30,92322.5,39,15583.62,64,0.538525,5,2,771,0.34,5,proprietaire,0
46,51708.88,61,14690.81,64,0.575398,0,0,753,0.5,1,locataire,0
30,80959.62,122,11099.64,13,0.403205,1,2,633,0.81,1,locataire,0
34,92306.02,167,29330.53,69,0.568388,1,9,513,0.7,6,locataire,1
51,20665.95,165,36492.97,55,0.688901,3,9,405,0.19,6,proprietaire,0
50,62749.44,10,8859.38,55,0.05658,3,0,515,0.26,6,proprietaire,0
48,17442.93,196,11523.62,9,0.657549,4,1,607,0.81,3,famille,0
67,28608.98,170,14550.94,63,0.473657,1,11,732,0.64,3,famille,0
27,18646.57,220,10177.57,39,0.182705,2,2,429,0.97,4,locataire,0
58,92621.55,67,35156.2,82,0.286194,0,10,808,0.84,1,locataire,0
40,67353.44,182,23226.48,36,0.716282,1,11,422,0.72,5,famille,0
22,94487.59,201,34088.48,65,0.511776,6,3,570,0.79,1,locataire,1
47,63863.99,219,19484.07,47,0.163143,3,9,732,0.6,1,locataire,0
64,31918.39,102,16891.55,23,0.520828,2,4,590,0.52,6,proprietaire,0
48,58336.75,230,32481.17,81,0.54136,4,8,765,0.34,4,famille,0
45,36804.97,68,36896.99,43,0.223911,3,6,564,0.64,2,famille,0
26,59875.47,145,29539.83,79,0.338496,6,11,641,0.26,0,proprietaire,0
54,84884.0,89,35276.41,84,0.08634,2,3,651,0.07,5,proprietaire,0
67,13110.45,116,40084.41,36,0.111461,3,7,540,0.45,1,locataire,0
26,53640.39,213,44666.41,52,0.589493,5,6,444,0.26,9.05,famille,1
31,46357.33,135,43557.47,12,0.439161,2,0,679,0.99,0,famille,0
27,54509.45,5,3991.56,47,0.574255,4,6,440,0.1,2,proprietaire,0
30,79361.63,107,42427.25,70,0.514318,2,6,410,0.56,2,locataire,1
60,62583.87,116,31843.75,51,0.010498,4,4,637,0.6,3,famille,0
25,20830.24,48,27534.56,57,0.803433,,0,808,0.57,1,proprietaire,0
52,68538.4,9,28871.67,49,0.325717,2,11,556,0.82,2,famille,0
56,34426.19,234,17370.18,22,0.381661,3,2,689,0.28,4,locataire,0
51,47556.08,7,9715.76,47,0,5,6,571,0.82,6,locataire,0
67,65866.67,207,30491.64,44,0.824626,6,1,701,0.14,3,famille,1
50,16043.77,83,37208.93,29,0.473346,2,5,449,0.26,0,famille,0
51,77973.81,192,17121.8,26,0.328788,5,12,535,0.72,4,proprietaire,0
49,85383.16,122,34582.03,46,0.664993,4,10,467,0.01,5,locataire,0
29,74816.29,95,29390.54,43,0.584601,3,3,574,0.22,2,locataire,0
31,77305.23,201,17602.11,49,0.184775,7,7,533,0.32,4,locataire,0
56,45385.49,120,32230.18,,0.622006,3,12,421,1.0,0,proprietaire,0
40,75451.28,206,20981.95,83,0.272452,7,3,551,0.83,6,famille,0
67,13402.14,209,29672.99,26,0.307259,2,4,699,0.91,6,famille,0
59,35590.94,113,28342.28,,0.605346,3,4,595,0.9,1,famille,0
28,21013.33,37,25029.03,22,0.490681,7,1,725,0.82,0,famille,0
64,13633.14,58,21049.28,81,0.108984,5,4,680,0.57,5,locataire,0
28,20204.28,61,43969.34,13,0.182084,1,1,519,0.96,2,proprietaire,1
54,27534.27,13,44855.65,81,0.800204,2,2,569,0.77,3,famille,1
37,54903.91,213,9451.2,31,0.284811,4,6,818,0.17,5,locataire,0
31,20938.85,79,21664.62,25,0.171664,4,6,633,0.11,3,famille,0
53,86228.89,194,30116.93,42,0.565863,5,2,657,0.99,4,locataire,1
65,20827.05,238,37161.53,50,0.142261,6,7,528,0.15,5,proprietaire,0
43,13008.73,85,36139.09,37,0.304715,0,2,797,0.44,5,famille,0
25,58831.07,15,34268.24,39,0.288746,5,10,625,0.73,3,locataire,0
62,59830.67,69,17679.62,79,0.309321,6,10,696,0.69,6,proprietaire,0
36,47680.74,202,43783.61,47,0.642644,7,3,495,0.45,5,famille,1
52,20044.76,36,3602.02,36,0.371985,4,4,817,0.4,5,locataire,0
46,67647.24,141,19269.79,75,0.538412,7,10,721,0.52,6,proprietaire,0
51,55999.55,55,41596.17,24,0.654366,1,10,789,0.99,6,famille,1
40,86078.64,75,12820.34,35,0.699524,2,0,660,0.04,6,famille,0
33,12367.64,175,8781.2,11,0.220547,2,12,479,0.48,2,locataire,0
46,69529.5,84,32342.14,44,0.472378,4,5,615,0.07,6,famille,0
29,66826.36,45,18059.21,46,0.522764,6,2,527,0.78,2,locataire,0
45,24591.16,80,35149.4,53,0.705485,4,9,427,0.28,2,proprietaire,1
35,37491.96,71,39424.79,55,0.549707,2,5,702,0.44,4,proprietaire,0
51,92918.3,46,29491.52,65,0.591697,2,1,785,0.9,4,proprietaire,0
59,27184.86,6,28311.82,62,0.454324,7,5,813,0.94,2,famille,0
58,13258.51,191,25204.73,64,0.56736,5,7,550,0.56,5,proprietaire,1
35,87935.44,99,21465.14,67,0.840212,6,6,567,0.73,3,proprietaire,0
59,53730.68,54,15081.89,73,0.096469,1,2,741,0.16,0,locataire,0
65,18918.63,119,34925.39,58,0.873794,1,1,629,0.65,3,proprietaire,1
,62076.33,232,16065.25,52,0,0,9,669,0.55,6,locataire,0
42,91993.37,25,40909.75,43,0.408773,4,7,801,0.04,0,locataire,0
22,61202.75,128,30012.67,13,0.524049,3,5,408,0.83,3,locataire,1
24,15482.75,145,13747.6,81,0.264828,6,0,412,0.79,4,proprietaire,1
55,34361.86,121,34604.2,67,0.67795,3,,700,0.9,1,proprietaire,1
42,42342.6,115,14892.5,57,0.519285,5,10,510,0.08,5,famille,1
27,43950.91,114,32426.18,21,0.482401,3,0,460,0.6,3,proprietaire,1
37,85250.92,189,30870.57,35,0.457059,1,6,452,0.19,1,proprietaire,1
58,14072.59,111,4610.65,39,0.308094,4,9,627,0.78,6,famille,1
60,31753.9,184,15437.22,84,0.118771,5,0,493,0.14,3,locataire,0
29,72761.67,227,7159.06,50,0.323673,1,11,689,0.44,6,locataire,0
47,54836.13,240,40593.93,44,0.088024,4,2,424,0.36,5,locataire,0
27,13686.77,19,26817.13,43,0.72874,6,12,676,0.21,0,proprietaire,0
29,59746.3,142,44740.08,80,0.315968,6,2,411,0.33,1,locataire,1
32,60545.4,85,24168.43,74,0.344381,1,11,795,0.88,0,famille,0
44,16384.48,103,31913.51,43,0.367635,4,1,508,0.04,1,famille,0
61,55419.63,96,4052.02,72,0.387982,0,8,786,0.45,4,locataire,0
55,79667.23,150,24344.5,83,0.50981,4,12,525,0.51,0,proprietaire,0
53,86229.84,217,18749.28,64,0.429417,1,7,681,0.52,2,locataire,0
34,59656.86,13,42277.73,43,0.176982,6,7,765,0.76,0,proprietaire,0
48,49618.38,193,3415.55,30,0.359795,7,0,471,0.05,2,famille,1
68,27965.33,228,11674.31,30,0.140914,4,12,635,0.07,2,proprietaire,0
23,32682.51,71,12472.34,60,0.439871,1,8,513,0.42,5,locataire,0
40,31980.01,220,8986.44,11,0.28057,7,8,474,0.05,0,locataire,0
23,21719.33,10,43825.19,10,0.604252,5,4.34,401,0.06,5,proprietaire,0
39,83104.84,48,10912.09,77,0.516659,3,2,510,0.42,0,proprietaire,0
58,32143.13,89,33688.76,64,0.096288,0,10,466,0.95,0,locataire,0
35,78108.18,239,3110.57,60,0.202118,4,7,541,0.55,4,proprietaire,0
22,33945.76,101,5295.29,61,0.585574,4,2,697,0.35,6,locataire,0
37,80871.24,63,1452.25,6,0.462108,5,7,812,0.11,2,locataire,0
24,27240.97,50,4862.0,42,0.048563,4,12,632,0.84,3,famille,0
52,30276.76,171,14274.52,20,0.107747,0,12,450,0.94,0,proprietaire,1
35,25151.07,219,39088.35,52,0.06753,,7,534,0.92,3,famille,0
47,33053.12,184,44710.28,28,0.746756,5,12,568,0.39,6,locataire,1
43,60127.92,123,22935.23,20,0.255998,4,6,685,0.92,0,proprietaire,1
51,40797.96,133,25997.2,70,0.272148,2,3,806,0.62,3,famille,0
26,64756.33,23,27310.85,42,0.379416,3,7,548,0.7,4,proprietaire,1
43,85595.99,121,18208.08,81,0.648339,6,1,707,0.99,0,locataire,0
58,76108.75,152,42345.3,15,0.08837,6,0,531,0.6,2,proprietaire,0
28,86595.16,153,8915.05,57,0.189857,2,2,781,0.02,5,locataire,0
25,79311.84,75,33319.12,71,0.074665,5,12,506,0.06,1,proprietaire,0
54,53481.71,34,1955.22,48,0.50644,6,2,699,0.27,2,famille,0
51,60904.29,104,32374.87,79,0.150183,6,2,411,0.78,5,locataire,0
42,73344.31,62,18096.37,53,0.583953,4,1,638,0.8,3,locataire,0
67,78477.47,,17738.62,12,0.613239,4,2,478,0.71,2,proprietaire,0
53,39402.02,222,5902.63,37,0.129819,5,6,755,0.94,2,locataire,0
58,90728.99,,8857.26,11,0.300614,0,12,478,0.99,4,famille,0
52,68898.67,0,43528.62,12,0.610324,7,6,435,0.26,1,locataire,0
29,20686.66,179,5454.16,51,0.237149,6,1,424,0.75,5,famille,0
34,51425.89,24,33232.38,58,0.620829,5,7,792,0.74,5,locataire,0
64,75726.34,226,15848.17,49,0.401224,7,6,596,0.38,0,locataire,0
26,57246.03,213,37683.48,23,0.122439,1,3,472,0.79,0,proprietaire,1
51,24011.75,130,10032.84,61,0.509406,1,5,408,0.56,5,locataire,0
47,82456.36,47,11246.95,63,0.673893,5,3,504,0.97,6,proprietaire,0
32,70367.66,59,32307.09,63,0.232215,1,1,647,0.78,5,famille,1
33,37849.89,174,33865.37,41,0.428642,0,2,762,0.63,6,proprietaire,0
55,87775.07,191,43751.23,75,0.474168,0,9,749,0.9,2,locataire,1
62,24974.36,84,17373.45,70,0.333262,4,10,460,0.83,3,proprietaire,0
51,13040.11,120,15255.1,53,0.718747,0,2,506,0.68,2,locataire,0
42,36036.36,225,28304.49,22,0.086826,6,7,776,0.23,3,proprietaire,0
