temperature_c,vibration,humidite_pct,pression_bar,heures_utilisation_jour,nb_alertes_7j,derniere_maintenance_jours,nb_interventions_12m,consommation_kwh_j,indice_usure,site,equipement_type,panne_30j
43.61,0.79,82.65,1.31,20.01,13,219,9,241.39,55.9,C,compresseur,0
45.66,17.55,32.19,8.19,2.9,17,709,50.03,690.9,25.11,C,compresseur,0
62.14,11.9,45.91,4.14,18.83,25,309,12,593.95,41.4,C,pompe,0
85.25,3.44,19.8,5.8,7.87,2,41,7,,88.02,A,convoyeur,1
55.48,4.68,49.44,2.06,14.18,2,511,1,367.86,34.57,A,compresseur,0
60.01,1.41,42.74,5.46,17.79,16,311,13,376.32,10.49,B,convoyeur,0
86.31,12.37,20.58,4.92,21.11,23,601,9,482.18,85.53,B,pompe,1
76.35,8.61,46.56,2.72,1.07,2,391,17,328.81,17.35,A,compresseur,1
62.58,16.43,32.13,8.19,19.27,5,446,4,26.97,45.7,C,pompe,1
41.22,5.79,88.62,6.66,19.9,7,402,11,443.78,11.61,C,compresseur,0
93.03,8.18,25.75,1.47,13.16,6,714,18,638.06,35.36,C,compresseur,1
54.21,10.09,62.72,8.39,14.12,5,561,9,57.03,84.68,C,convoyeur,0
91.64,1.05,24.6,3.6,4.64,11,140,13,205.64,84.32,B,pompe,1
57.28,0.97,17.1,6.03,15.74,13,674,9,387.93,81.49,A,compresseur,0
65.7,9.8,16.54,7.76,3.52,1,489,4,198.57,19.35,B,compresseur,0
68.2,10.35,57.32,5.68,14.1,14,127,7,322.96,82.05,C,pompe,1
73.16,9.32,73.09,9.37,5.99,5,633,9,468.27,80.21,A,compresseur,1
43.15,0.36,19.77,3.64,12.35,19,636,4,650.3,32.28,A,pompe,0
59.99,12.46,53.52,2.75,19.29,18,188,11,773.49,43.35,B,convoyeur,0
45.82,6.84,80.67,2.85,8.04,20,582,12,428.4,58.25,C,pompe,0
60.75,17.17,63.87,5.6,6.9,11,471,3,632.53,19.06,B,pompe,1
71.72,7.99,35.48,5.72,13.7,0,668,15,688.33,98.26,A,compresseur,1
69.03,14.4,86.56,7.06,21.33,2,249,13,38.88,37.07,B,compresseur,1
51.29,4.03,49.65,1.7,7.13,10,702,2,436.9,39.68,A,convoyeur,0
93.97,9.57,29.17,4.65,3.12,10,482,13,762.4,92.53,A,convoyeur,1
74.0,9.6,70.53,5.3,3.54,23,424,7,174.68,39.36,C,pompe,1
74.73,15.97,29.43,6.68,19.24,5,247,14,712.03,38.69,B,compresseur,1
64.03,10.81,13.8,8.03,17.62,16,154,8,123.25,88.92,A,convoyeur,0
89.32,8.48,58.23,6.15,11.02,19,544,3,401.41,6.49,A,compresseur,1
94.99,9.57,86.14,8.81,20.04,18,445,11,219.25,91.51,C,compresseur,1
68.99,12.11,17.94,2.95,14.75,14,36,8,784.71,92.09,B,pompe,1
57.05,10.98,67.33,2.77,21.72,15,360,9,308.71,9.5,C,compresseur,0
71.9,0.26,47.75,2.05,,9,274,10,NA,78.69,B,pompe,0
85.82,2.72,19.58,5.2,14.45,1,180,10,366.28,7.71,B,pompe,1
38.42,8.53,54.81,8.62,14.61,20,72,9,757.62,26.53,C,pompe,0
70.94,5.04,29.29,1.58,21.09,16,457,3,589.47,28.33,B,pompe,0
87.82,13.54,22.66,2.48,16.53,17,118,15,568.73,94.07,C,pompe,1
58.19,12.07,86.26,0.98,18.22,2,142,18,446.08,67.91,C,pompe,1
86.26,6.49,52.52,8.69,6.95,17,527,12,141.29,70.63,A,compresseur,1
71.72,7.65,67.09,8.43,13.93,0,550,14,70.19,31.69,A,pompe,1
55.56,0.18,37.33,NA,17.94,3,653,13,293.55,87.1,A,convoyeur,0
65.17,6.11,16.9,1.82,3.49,22,364,16,685.59,91.93,A,compresseur,0
45.09,11.31,38.31,8.65,21.89,18,320,11,421.32,99.82,B,compresseur,0
91.09,1.21,46.14,4.85,7.29,23,107,2,786.75,14.76,A,compresseur,1
82.24,0.32,64.38,8.14,10.33,14,571,6,25.59,7.04,A,pompe,1
36.4,8.9,50.63,1.06,"2,14",7,332,13,472.62,98.04,B,pompe,0
54.5,5.81,11.62,8.1,18.87,24,506,16,387.5,83.1,B,convoyeur,0
45.48,10.09,72.84,2.11,0.73,25,502,11,551.72,96.6,A,convoyeur,0
91.0,6.06,50.42,5.31,10.71,0,99,17,426.4,62.79,A,compresseur,1
64.39,14.97,75.55,6.14,9.82,19,79,7,331.86,7.81,A,pompe,1
70.79,8.96,67.17,1.4,10.66,13,107,10,448.32,86.02,B,compresseur,1
60.27,13.26,40.84,4.96,21.2,0,3145.04,5,62.38,68.93,C,convoyeur,0
82.85,11.31,87.65,6.28,8.84,6,334,10,193.18,9.38,A,convoyeur,1
77.31,1.93,75.08,5.34,3.48,13,716,5,180.45,40.88,C,compresseur,1
71.82,13.7,19.38,6.11,14.58,6,640,15,399.86,33.82,C,convoyeur,1
40.31,5.7,79.23,5.16,6.11,23,238,15,150.59,67.48,A,convoyeur,0
54.2,11.21,47.79,6.48,6.98,3,339,1,365.49,81.42,B,pompe,0
82.29,17.12,65.94,9.2,14.7,12,242,13,205.68,2.84,A,convoyeur,1
71.82,12.86,13.9,5.35,21.09,1,164,17,476.33,1.24,C,pompe,1
69.82,3.13,90.78,1.34,2.73,22,111,12,71.98,96.05,B,pompe,0
48.94,2.18,22.95,6.7,9.96,23,57,0,161.29,15.49,A,pompe,0
81.46,16.73,41.24,9.39,4.71,9,267,2,821.98,33.66,A,pompe,1
45.58,13.39,87.47,8.05,16.95,8,511,16,822.17,96.63,A,convoyeur,0
67.32,4.31,68.7,2.31,6.86,8,506,13,574.42,23.16,C,pompe,0
74.58,8.53,,3.91,21.23,5,708,3,275.04,92.81,C,convoyeur,1
56.11,6.72,62.1,1.74,10.83,2,387,7,838.0,37.2,C,convoyeur,0
93.23,7.6,76.82,6.83,14.27,11,474,17,421.63,80.76,C,convoyeur,1
46.37,3.97,61.5,1.91,18.93,4,693,18,612.59,1.62,C,convoyeur,0
43.77,4.29,55.0,2.13,20.67,2,522,15,450.85,93.69,B,pompe,0
53.5,3.08,52.37,2.4,4.82,21,641,11,556.87,43.01,B,pompe,0
87.27,2.66,45.81,5.3,7.24,3,336,16,616.64,89.47,C,compresseur,1
81.38,3.85,57.23,5.24,1.9,25,461,2,335.14,39.25,C,pompe,1
76.56,4.77,68.66,6.71,8.02,19,239,10,288.98,65.39,C,compresseur,1
52.36,16.07,83.66,2.15,18.81,18,658,18,676.02,34.77,B,compresseur,1
45.12,17.69,89.37,8.42,17.6,13,267,9,577.1,2.89,A,convoyeur,0
53.05,12.43,19.29,2.71,10.57,25,188,1,536.32,42.54,C,pompe,0
76.31,14.1,33.66,6.43,3.42,12,658,11,750.9,8.19,A,compresseur,1
50.81,14.13,23.36,1.46,6.74,5,448,13,653.91,71.95,C,pompe,0
35.51,16.3,24.25,7.43,13.97,20,472,11,121.3,10.32,A,pompe,0
64.7,12.96,20.7,1.13,5.43,16,365,6,711.84,80.13,C,convoyeur,1
79.48,9.25,13.98,5.01,11.82,10,59,16,381.38,18.65,B,compresseur,1
38.99,2.99,59.14,6.93,6.0,1,649,14,501.74,52.02,A,pompe,0
85.86,12.19,22.51,8.21,6.13,14,46,7,424.34,4.72,A,compresseur,1
40.61,9.96,81.67,9.23,4.02,19,302,3,694.71,40.11,A,convoyeur,0
52.74,9.71,60.8,2.93,3.24,24,40,2,58.61,33.98,C,pompe,0
43.55,15.7,17.35,7.37,6.33,18,517,15,485.64,81.13,B,convoyeur,0
91.92,0.12,89.6,1.89,17.61,23,550,10,739.61,35.58,B,convoyeur,1
73.64,2.28,30.97,1.37,2.1,15,612,10,157.51,90.51,A,compresseur,0
68.67,8.56,36.38,8.7,16.64,18,609,4,687.28,94.92,B,pompe,0
38.3,7.41,44.43,7.69,3.68,1,468,1,832.49,1.83,A,compresseur,0
68.14,18.38,,8.1,8.05,0,264,15,637.69,62.06,B,pompe,1
81.86,13.67,13.9,2.35,12.11,8,535,12,811.3,79.88,A,pompe,1
81.9,15.04,50.11,5.38,18.89,11,347,14,690.43,11.91,C,compresseur,1
80.21,14.49,81.05,2.78,4.72,1,639,11,639.52,69.79,A,compresseur,1
74.6,11.88,24.87,9.2,6.0,3,490,15,616.87,10.43,C,compresseur,1
87.56,0.74,58.41,6.41,5.35,16,260,0,552.0,15.88,A,convoyeur,1
87.33,18.29,54.46,4.5,8.42,11,54,7,103.94,56.74,C,compresseur,1
92.88,13.98,24.63,6.55,7.86,11,684,15,277.76,50.56,B,convoyeur,1
47.99,12.59,83.68,4.51,16.16,7,325,6,427.43,72.73,C,convoyeur,0
68.23,7.95,14.79,9.09,21.57,4,160,2,788.47,71.4,C,convoyeur,0
50.16,3.42,67.85,1.89,21.34,23,602,13,549.87,97.26,A,pompe,0
67.9,13.38,51.55,9.1,19.47,4,71,16,606.31,61.45,A,compresseur,1
42.99,17.29,36.2,4.26,19.46,11,506,13,575.77,39.19,A,convoyeur,0
93.08,1.7,11.4,2.73,17.94,16,122,5,54.2,84.86,B,compresseur,1
82.42,2.86,14.46,9.35,3.54,10,212,4,498.74,94.67,B,convoyeur,1
63.75,4.15,17.36,6.76,20.21,25,59,81.94,379.71,6.02,C,compresseur,0
50.77,12.96,61.66,9.12,,16,305,12,413.19,37.97,C,convoyeur,0
43.61,6.7,17.01,5.95,12.72,14,38,1,267.08,7.6,B,convoyeur,0
77.43,10.43,10.6,2.74,5.02,5,196,18,169.31,43.48,A,convoyeur,1
61.55,12.45,14.39,2.24,11.87,11,182,14,212.9,71.63,C,convoyeur,0
52.89,5.9,72.68,5.29,9.72,6,439,,166.37,76.11,B,compresseur,0
45.91,10.37,23.75,3.93,9.35,20,181,11,468.3,76.85,A,convoyeur,0
88.85,16.87,25.48,8.31,2.83,17,250,16,151.38,37.61,C,convoyeur,1
73.37,5.3,79.86,4.13,16.02,1,150,8,599.2,47.03,B,compresseur,1
65.02,4.61,83.92,3.55,2.55,2,126,13,414.22,93.82,C,pompe,0
81.89,8.18,41.97,8.07,11.19,20,35,16,168.87,54.62,B,pompe,1
93.81,12.41,81.06,4.92,10.34,22,97,16,182.64,0.66,B,compresseur,1
43.31,8.5,47.13,3.28,21.03,18,248,9,530.86,99.57,A,pompe,0
60.36,17.01,72.47,4.44,9.84,6,517,16,86.42,61.46,C,compresseur,1
35.84,13.92,38.76,5.33,9.21,22,241,0,642.8,31.85,A,pompe,0
73.82,9.84,39.01,5.15,10.13,4,523,11,643.25,5.36,C,compresseur,1
56.37,3.06,21.79,9.46,9.2,12,520,8,752.42,39.58,B,compresseur,0
89.03,12.35,32.45,9.0,5.47,9,649,9,14.95,93.38,B,convoyeur,1
60.14,18.14,46.37,8.01,0.75,25,145,18,473.9,1.38,B,compresseur,1
84.5,0.94,64.5,1.72,17.42,24,516,2,705.48,74.47,A,pompe,1
79.42,3.9,42.93,8.98,17.03,22,575,1,523.27,81.48,A,convoyeur,1
40.57,8.98,23.34,8.76,7.7,11,431,2,759.38,1.24,C,compresseur,0
60.59,13.99,27.8,8.39,16.09,9,681,10,778.24,20.3,NA,compresseur,0
60.34,16.42,12.82,2.88,3.11,5,533,18,479.81,96.73,A,pompe,1
74.38,11.75,85.65,7.36,16.94,6,312,4,106.97,91.3,A,convoyeur,1
35.34,4.74,61.44,6.62,17.23,25,571,12,812.97,48.58,B,compresseur,0
46.46,3.16,38.14,8.82,19.74,19,467,12,414.32,15.78,B,compresseur,0
60.25,14.0,78.08,3.95,8.3,11,157,2,304.79,77.03,B,compresseur,1
54.83,9.81,22.92,3.42,13.05,3,525,14,482.74,29.2,,convoyeur,0
47.09,13.19,31.14,4.23,17.22,7,14,16,573.79,16.46,A,convoyeur,0
41.67,12.63,28.21,2.32,15.86,12,345,4,123.87,56.91,A,convoyeur,0
53.61,1.6,55.03,5.94,12.66,24,458,14,241.44,58.42,C,compresseur,0
78.26,14.59,69.88,1.46,"4,50",18,587,18,188.8,44.28,A,compresseur,1
61.94,17.78,71.81,8.02,8.91,4,103,5,257.43,38.16,C,compresseur,1
89.11,17.21,87.52,5.74,21.79,3,505,17,564.15,85.75,B,pompe,1
77.66,8.1,13.69,5.19,9.72,21,330,3,574.98,67.25,C,pompe,1
54.2,3.31,44.93,3.01,19.94,5,48,9,224.52,4.43,C,convoyeur,0
38.26,16.81,80.57,7.93,8.65,2,435,14,154.2,45.31,C,pompe,0
89.55,15.36,10.55,1.34,11.14,6,416,1,629.99,0.87,A,convoyeur,1
73.16,14.82,77.53,1.02,20.57,13,111,6,824.33,35.08,A,NA,1
81.34,5.0,29.49,3.36,18.9,5,319,17,301.95,63.07,A,compresseur,1
73.38,6.94,54.94,5.92,16.86,17,198,3,516.21,NA,B,pompe,1
55.56,12.52,13.66,6.47,15.39,6,242,2,277.15,40.52,B,pompe,0
73.65,18.45,89.56,2.08,4.76,2,331,16,43.85,40.28,A,compresseur,1
74.3,15.37,59.05,7.57,1.09,6,566,17,569.67,20.85,B,convoyeur,1
74.71,11.72,25.4,5.25,0.74,13,319,2,806.34,54.56,C,convoyeur,1
94.23,1.98,75.43,1.31,5.34,19,71,8,765.51,37.62,A,convoyeur,1
48.89,11.0,59.73,2.21,2.41,15,672,13,844.56,76.46,A,convoyeur,0
48.48,12.28,78.87,4.56,11.74,21,15,2,556.04,33.56,B,convoyeur,0
64.91,18.36,64.49,5.1,10.96,6,414,14,590.89,45.6,A,convoyeur,1
65.71,13.64,,4.08,8.05,6,343,8,147.86,82.84,A,compresseur,1
71.48,14.12,31.31,3.15,20.15,4,95,9,298.66,48.31,B,compresseur,1
65.07,15.75,35.92,9.43,17.13,22,236,9,31.07,43.1,A,convoyeur,1
44.42,3.64,58.36,5.82,1.47,6,90,3,152.3,29.83,A,compresseur,0
76.3,5.17,37.36,7.97,9.52,14,391,8,147.79,15.76,C,pompe,1
66.41,8.71,57.3,6.56,17.11,8,720,11,118.42,75.07,C,convoyeur,1
65.33,10.76,57.41,4.61,8.27,11,20,18,566.67,36.44,A,pompe,1
61.57,11.12,25.7,5.12,5.34,4,324,6,18.17,72.73,A,convoyeur,0
81.54,2.84,44.65,6.33,14.51,16,28,11,150.85,62.42,B,convoyeur,1
72.07,9.0,12.98,5.53,19.88,6,628,17,698.08,86.85,A,,1
79.63,4.26,42.35,7.34,11.82,6,613,17,92.55,58.15,C,pompe,1
38.11,13.07,33.66,1.44,14.52,9,233,2,497.2,66.02,B,pompe,0
69.95,17.61,23.37,7.25,4.81,6,575,11,747.96,58.47,B,convoyeur,1
78.35,1.64,72.58,8.63,7.55,9,390,13,216.23,37.58,C,pompe,1
71.34,10.84,82.44,3.99,3.83,12,624,18,120.81,66.9,B,compresseur,1
46.27,7.08,23.63,8.64,16.05,11,469,0,567.06,47.5,C,convoyeur,0
91.7,9.23,21.85,5.54,3.39,15,487,15,440.72,41.91,B,pompe,1
55.15,3.77,85.65,3.51,2.2,10,203,13,301.77,NA,A,pompe,0
90.1,1.34,20.92,2.15,16.96,5,588,13,734.16,58.18,B,compresseur,1
51.35,11.93,63.38,2.2,9.34,20,430,11,699.29,12.31,C,pompe,0
57.52,11.24,55.28,6.52,16.71,14,671,8,307.03,48.11,B,pompe,0
63.63,2.59,50.13,9.31,3.38,13,105,11,109.43,90.82,B,convoyeur,0
48.31,10.91,33.85,7.74,17.03,1,,2,341.45,86.12,A,pompe,0
59.8,17.36,55.28,7.64,9.28,19,617,8,413.68,44.43,A,convoyeur,1
65.12,4.29,62.97,2.02,17.61,16,16,15,765.23,98.7,C,convoyeur,0
77.92,9.46,23.04,8.77,21.17,2,515,11,693.97,10.05,B,compresseur,1
70.33,11.67,73.02,NA,9.88,13,559,11,419.23,39.31,B,convoyeur,1
49.47,18.41,35.67,3.23,21.99,16,496,2,446.46,72.44,B,convoyeur,0
37.4,1.98,62.19,0.9,16.03,14,3048.15,8,690.06,28.09,B,compresseur,0
65.24,0.19,72.66,8.09,6.53,17,679,1,592.07,32.39,B,pompe,0
72.91,11.58,81.02,1.41,10.31,14,431,9,491.26,21.6,A,convoyeur,1
90.9,0.71,49.94,1.06,13.32,15,23,1,580.25,34.78,B,convoyeur,1
55.4,1.03,31.84,4.51,17.52,20,329,10,470.87,43.89,A,convoyeur,0
59.62,14.08,15.03,4.49,10.98,10,13,18,749.88,31.13,B,convoyeur,0
86.99,7.86,89.77,2.07,1.91,12,80,12,415.92,81.61,C,compresseur,1
47.29,3.32,71.74,3.08,0.55,1,334,0,26.24,84.7,C,pompe,0
68.14,7.58,43.86,4.42,9.08,5,190,18,175.75,67.68,A,convoyeur,0
94.59,1.41,91.46,7.68,9.73,23,674,6,171.95,65.15,C,convoyeur,1
60.88,15.13,42.45,1.27,16.91,10,460,14,154.94,86.96,C,pompe,1
72.04,8.89,47.4,4.39,8.99,17,401,,451.87,72.34,A,convoyeur,1
94.85,16.88,76.68,1.13,18.22,19,707,15,490.94,14.03,C,pompe,1
81.34,16.84,65.59,7.27,1.82,16,274,9,10.17,4.35,C,compresseur,1
42.41,17.41,91.0,8.67,17.43,13,219,3,660.24,44.42,B,convoyeur,0
77.66,16.58,67.16,4.09,19.52,25,94,15,182.24,37.85,B,convoyeur,1
86.99,16.63,77.88,1.52,9.65,6,279,2,395.38,4.4,A,pompe,1
57.56,1.63,24.75,4.64,5.15,9,570,7,123.94,19.12,B,pompe,0
53.62,5.17,54.88,1.3,15.0,0,407,10,481.03,69.95,C,compresseur,0
55.66,8.47,48.38,1.87,5.21,9,213,6,275.58,37.29,A,compresseur,0
46.42,1.35,38.21,2.14,21.85,4,452,5,612.62,9.52,C,compresseur,0
53.25,14.55,50.27,2.37,17.82,14,685,4,447.23,67.41,B,pompe,0
87.81,8.57,19.68,7.58,15.72,10,589,2,402.67,61.54,A,pompe,1
55.41,15.69,28.13,5.15,17.21,9,463,12,711.38,17.94,B,compresseur,0
67.69,9.51,40.3,3.71,5.63,0,608,10,672.62,3.36,C,pompe,1
40.16,12.18,79.24,5.76,16.42,0,538,13,229.16,38.67,A,pompe,0
35.53,16.36,20.27,3.1,11.78,15,446,16,126.6,33.56,C,pompe,0
88.37,0.44,29.64,3.7,11.72,16,421,17,279.63,85.0,A,compresseur,1
55.31,18.02,75.79,1.58,11.93,5,449,0,85.72,10.61,B,pompe,1
50.03,1.33,87.01,4.74,3.27,18,233,10,424.06,53.14,C,convoyeur,0
47.67,14.54,18.75,4.01,13.26,17,510,12,648.31,62.42,B,convoyeur,0
40.39,12.17,18.77,3.35,15.52,16,617,8,26.18,18.86,C,pompe,0
75.5,14.01,15.55,7.37,1.89,5,547,18,556.65,13.48,C,compresseur,1
45.37,0.62,76.4,3.45,10.38,0,697,9,177.99,54.77,A,compresseur,0
77.34,4.25,65.31,7.54,19.47,0,463,17,597.64,22.45,A,pompe,1
85.22,6.35,79.65,7.37,14.0,16,4,3,385.57,93.6,C,compresseur,1
82.4,0.71,41.66,1.99,14.59,20,374,17,321.81,75.73,B,convoyeur,1
45.88,2.13,13.38,8.55,11.62,3,194,6,60.49,28.07,B,convoyeur,0
65.13,0.13,34.57,6.57,21.49,1,619,4,488.91,62.61,B,pompe,0
48.45,8.43,56.37,1.59,11.29,21,417,8,813.28,66.72,C,pompe,0
66.17,8.91,60.72,7.48,8.94,2,118,6,837.63,545.1,C,compresseur,1
67.98,3.4,72.21,3.11,11.18,24,68,6,465.03,71.63,C,compresseur,0
76.65,13.09,66.44,5.17,19.91,10,184,16,815.11,66.86,A,pompe,1
71.95,1.9,14.21,6.84,3.81,2,640,2,46.6,62.11,A,pompe,0
66.5,9.79,18.09,5.25,18.01,4,703,0.0,542.85,98.08,B,convoyeur,0
50.13,4.79,54.82,3.62,9.63,22,692,13,703.78,44.86,C,pompe,0
58.6,15.71,28.59,3.87,3.32,0,534,14,482.84,17.0,B,convoyeur,1
91.92,8.69,59.63,6.1,15.03,24,722,6,831.39,25.05,B,convoyeur,1
88.89,13.75,71.67,8.41,20.27,20,81,0,245.98,3.79,B,pompe,1
74.7,5.27,41.25,5.92,15.48,8,406,15,810.5,71.75,A,compresseur,1
86.21,2.95,51.4,3.51,14.75,21,60,3,340.53,20.22,B,compresseur,1
49.42,8.4,63.68,,13.48,5,440,8,145.54,53.34,C,pompe,0
87.04,18.01,15.11,0.92,7.86,20,383,1,136.72,89.94,A,pompe,1
37.21,4.75,28.91,3.79,3.18,8,508,12,186.03,27.7,B,convoyeur,0
90.09,5.72,40.6,2.16,18.34,25,12,10,,90.91,A,convoyeur,1
38.41,12.46,91.1,3.34,7.99,13,471,8,189.67,48.88,C,pompe,0
82.46,2.96,15.03,5.31,19.99,14,639,18,746.18,56.06,A,pompe,1
41.98,13.79,69.84,2.91,4.47,16,563,16,686.89,4.16,C,pompe,0
50.96,16.47,61.34,2.64,11.76,18,257,16,728.7,63.03,A,pompe,0
88.67,4.66,64.33,5.96,11.58,19,600,8,718.89,99.85,C,pompe,1
81.12,14.36,25.1,6.89,18.3,10,455,4,53.02,85.26,,pompe,1
43.44,5.46,73.54,2.35,13.85,14,219,0,485.46,65.91,C,compresseur,0
83.52,5.71,70.02,4.21,0.54,22,91,12,156.18,91.0,C,compresseur,1
44.87,4.53,89.68,6.38,8.25,25,640,1,835.64,99.88,B,convoyeur,0
68.14,9.14,55.51,6.9,21.0,1,201,"4,00",157.05,71.44,C,convoyeur,1
81.66,11.85,31.33,7.57,18.18,17,600,14,720.87,10.23,,convoyeur,1
48.07,11.76,54.56,6.27,20.51,23,511,5,761.03,41.6,C,compresseur,0
67.54,15.97,780.29,4.56,9.42,25,28,18,125.87,72.81,C,compresseur,1
88.66,3.98,67.34,4.44,13.93,20,355,9,334.54,4.74,B,convoyeur,1
78.1,7.19,25.26,7.78,2.95,1,130,13,287.79,29.65,A,pompe,1
69.11,1.76,30.91,9.08,21.0,11,180,2,839.45,88.19,B,convoyeur,0
43.1,15.18,84.97,4.1,6.8,17,264,14,589.72,47.92,C,pompe,0
63.15,4.48,30.81,3.07,19.31,15,587,4,287.75,99.25,B,compresseur,0
55.01,7.62,19.92,2.08,19.13,2,547,4,204.35,50.13,B,pompe,0
49.79,14.0,53.3,5.82,16.15,10,136,8,327.58,50.54,B,pompe,0
57.86,8.43,73.59,3.9,0.85,2,304,10,807.54,40.07,C,pompe,0
65.38,12.44,48.82,8.72,12.47,0,255,11,108.01,84.19,C,pompe,1
50.29,17.76,84.18,2.8,4.62,19,323,11,191.9,47.9,A,convoyeur,1
50.84,4.72,36.21,4.45,11.04,14,425,11,326.17,57.85,C,pompe,0
90.23,3.32,19.88,8.89,19.53,3,715,16,688.13,2.3,C,convoyeur,1
43.58,1.01,43.46,6.42,14.16,11,279,2,172.38,29.56,C,convoyeur,0
82.89,4.04,23.95,2.03,12.64,25,382,3,319.88,32.63,C,convoyeur,1
41.65,2.35,75.72,2.53,5.85,8,380,18,226.62,4.24,A,pompe,0
45.74,9.87,54.34,3.19,8.98,15,170,1,57.25,97.8,B,pompe,0
41.6,1.79,54.28,6.16,9.56,2,375,0,158.34,17.08,B,compresseur,0
71.86,2.43,47.18,8.84,12.27,13,402,11,289.21,19.96,B,compresseur,0
78.72,12.14,50.46,4.79,12.35,5,356,11,534.7,66.14,C,pompe,1
42.68,17.9,34.16,8.33,0.89,3,590,5,379.32,9.59,B,compresseur,0
87.19,0.7,30.32,2.31,6.1,2,710,3,715.65,73.8,A,pompe,1
44.48,7.1,57.98,9.2,16.46,0,86,13,245.84,46.83,A,compresseur,0
81.45,15.18,75.32,4.59,13.63,2,639,7,370.95,26.71,A,compresseur,1
60.71,5.46,85.32,0.83,1.04,7,720,9,300.09,92.79,C,convoyeur,0
81.98,2.9,44.34,7.26,13.02,7,541,6,39.39,87.62,B,convoyeur,1
85.85,8.8,57.42,6.75,8.65,9,35,13,114.83,,A,compresseur,1
91.34,13.03,82.9,6.09,17.69,4,190,13,670.03,95.14,A,pompe,1
40.95,,38.97,6.43,19.38,11,272,18,131.04,23.17,C,compresseur,0
41.86,15.01,61.52,6.46,20.23,6,463,10,652.21,16.67,A,compresseur,0
67.2,17.56,27.7,3.7,5.42,6,100,12,NA,81.96,C,compresseur,1
62.81,5.05,55.58,3.9,1.92,6,324,9,97.06,14.59,C,pompe,0
47.4,14.75,81.03,4.94,5.57,8,NA,0,561.34,64.2,C,compresseur,0
38.74,12.62,73.81,1.25,17.35,8,333,2,88.81,2.32,C,pompe,0
51.52,12.7,19.85,8.6,6.97,13,436,18,365.02,98.17,C,pompe,0
85.07,1.41,43.34,4.33,15.19,22,159,14,348.23,78.0,B,pompe,1
90.64,3.42,62.97,6.28,3.0,16,199,14,96.15,84.21,B,pompe,1
65.67,7.35,48.85,7.64,7.46,19,291,15,39.06,85.99,B,compresseur,0
81.45,18.19,68.31,5.58,7.63,1,103,17,738.66,93.75,A,convoyeur,1
82.26,16.43,77.52,5.3,11.49,18,249,14,257.71,29.95,C,compresseur,1
64.32,7.56,71.76,9.41,21.67,20,298,14,127.78,61.99,B,pompe,0
89.87,12.49,64.45,7.6,6.0,6,245,3,74.09,19.39,C,convoyeur,1
91.53,16.25,43.13,8.52,5.0,8,554,2,"360,85",51.91,A,compresseur,1
69.33,13.35,27.96,3.83,11.14,12,364,1,490.34,8.09,A,pompe,1
87.01,17.45,45.34,5.34,13.49,9,224,13,99.43,47.92,B,convoyeur,1
53.55,4.2,59.58,4.81,20.7,23,187,17,527.2,59.19,B,convoyeur,0
72.88,6.04,76.97,3.74,16.31,4,362,3,153.68,84.32,C,compresseur,1
38.39,16.35,66.22,5.8,21.91,22,278,16,487.98,55.68,C,pompe,0
88.63,11.5,75.98,1.4,6.68,7,19,1,251.95,99.69,B,pompe,1
57.99,13.14,19.7,2.15,5.62,2,113.87,8,822.02,27.17,C,convoyeur,0
82.33,11.46,39.05,8.36,10.65,1,132,1,497.47,81.14,C,pompe,1
45.13,7.38,28.58,8.22,7.06,11,5,5,743.97,34.23,C,compresseur,0
85.69,10.07,46.73,6.84,1.94,20,228,9,43.51,60.34,C,compresseur,1
39.98,11.19,43.55,7.18,0.87,9,484,6,76.98,78.96,A,compresseur,0
38.46,2.95,18.35,2.37,18.72,25,190,3,329.11,38.96,A,convoyeur,0
80.17,11.37,30.17,4.38,8.24,10,174,11,833.04,7.62,C,compresseur,1
48.47,17.77,85.32,5.31,1.72,0,542,0,326.68,35.54,C,pompe,1
41.66,0.97,16.02,5.36,6.44,14,385,13,620.67,7.74,C,,0
73.45,0.39,17.91,8.45,15.55,21,151,5,173.34,41.87,C,pompe,0
78.15,8.71,69.34,2.48,5.89,24,223,6,615.42,2.39,C,compresseur,1
84.1,16.7,17.7,6.09,16.65,19,638,4,505.96,24.13,B,pompe,1
39.71,2.29,88.79,5.76,17.66,11,516,3,466.48,29.67,B,convoyeur,0
39.88,8.41,91.84,6.74,8.12,6,87,16,39.38,55.4,C,compresseur,0
37.24,1.03,43.07,1.03,1.37,1,472,10,300.63,79.37,B,compresseur,0
89.69,7.01,15.72,1.63,9.63,8,643,9,809.38,79.14,B,convoyeur,1
81.56,1.74,26.51,7.6,8.26,4,602,13,301.22,71.47,B,pompe,1
36.65,3.45,84.38,7.21,4.02,18,566,1,758.13,36.76,B,compresseur,0
47.62,6.54,10.46,6.71,9.47,8,269,17,240.57,90.05,A,convoyeur,0
70.25,1.9,43.84,4.54,17.19,20,396,5,339.06,22.5,B,compresseur,0
40.57,17.28,24.93,3.41,0.75,12,367,7,657.71,94.58,A,pompe,0
71.21,16.07,61.04,0.99,17.49,22,381,7,357.94,36.58,A,compresseur,1
87.26,10.93,91.37,4.78,0.89,9,341,0,123.54,57.25,B,convoyeur,1
36.5,8.43,10.71,7.86,20.36,25,717,3,22.87,13.87,C,convoyeur,0
90.66,1.02,13.65,7.63,11.93,19,553,18,196.42,75.35,A,convoyeur,1
81.12,14.22,82.53,7.03,3.92,6,291,7,27.94,36.25,B,pompe,1
46.69,7.66,40.02,6.39,2.64,8,237,6,423.05,71.88,C,compresseur,0
44.35,11.01,76.99,2.66,12.58,21,87,1,633.76,20.68,C,compresseur,0
59.66,14.26,47.7,3.85,0.64,15,151,13,420.36,87.49,B,convoyeur,1
90.04,2.68,53.12,6.71,2.43,8,57,1,178.1,25.35,B,pompe,1
52.88,10.61,12.99,2.11,19.18,4,552,6,317.44,10.09,A,pompe,0
61.75,15.49,10.74,5.06,0.8,8,697,11,295.62,32.98,B,compresseur,1
62.82,14.9,12.05,2.36,18.91,25,409,5,446.79,49.53,A,compresseur,1
72.86,14.32,19.46,6.27,11.54,4,221,5,268.99,55.16,B,pompe,1
52.61,16.05,77.08,1.84,18.4,21,658,18,418.41,35.41,A,compresseur,1
45.13,0.79,22.22,6.72,5.17,10,297,4,801.74,56.14,B,convoyeur,0
94.69,9.69,48.69,6.69,8.73,14,248,18,417.88,23.0,B,convoyeur,1
38.65,11.29,81.19,5.66,13.86,23,426,11,115.98,56.47,C,pompe,0
35.05,4.59,79.41,3.87,11.28,1,28,2,293.87,1.17,C,compresseur,0
91.13,9.27,66.82,9.45,7.08,18,514,16,287.39,76.0,A,convoyeur,1
43.71,18.27,76.86,7.99,0.94,9,539,12,341.46,58.54,C,pompe,0
84.4,8.84,29.9,4.35,20.44,24,294,15,38.36,55.0,B,convoyeur,1
70.09,17.75,33.79,6.44,14.03,24,694,1,542.23,94.75,C,pompe,1
72.7,14.62,45.53,5.87,7.88,23,671,5,328.55,0.81,A,compresseur,1
68.69,9.84,39.38,2.25,15.33,23,136,13,552.03,2.18,B,pompe,1
64.93,17.05,50.02,4.47,14.46,3,408,8,809.24,9.43,B,compresseur,1
42.6,16.07,87.48,8.82,3.53,5,371,11,418.68,96.82,A,pompe,0
41.41,3.5,41.27,5.07,9.18,17,303,4,161.61,16.05,A,compresseur,0
87.38,5.05,17.5,3.08,21.09,3,372,1,591.43,24.45,B,,1
52.36,1.8,36.16,4.71,3.36,0,271,13,104.34,,A,compresseur,0
54.41,10.37,46.18,1.18,13.03,18,407,8,713.71,30.93,A,pompe,0
70.34,0.8,76.21,5.2,5.59,6,336,13,13.65,7.19,C,pompe,0
82.85,11.36,20.8,5.74,17.13,3,669,16,384.73,89.99,C,compresseur,1
63.04,10.97,62.08,5.09,12.48,3,412,10,40.84,28.44,B,pompe,1
44.68,2.01,87.49,6.46,19.18,24,477,1,NA,50.76,C,pompe,0
84.66,7.68,59.68,4.3,13.18,1,666,11,45.57,50.18,A,compresseur,1
54.01,3.47,32.27,1.93,8.72,20,655,3,681.48,17.51,B,convoyeur,0
70.5,8.49,65.88,2.79,13.64,14,441,7,551.2,71.15,B,convoyeur,1
79.11,2.44,14.64,4.18,7.94,18,26,16,504.81,77.0,C,convoyeur,0
43.88,0.36,63.72,3.29,11.21,12,603,2,169.18,88.89,C,compresseur,0
69.58,9.42,84.3,3.82,9.18,1,407,8,533.2,30.02,A,convoyeur,1
52.86,15.71,57.06,2.56,3.05,8,538,8,568.09,8.97,C,pompe,0
56.44,3.64,55.45,7.9,14.04,8,285,9,191.99,97.16,C,compresseur,0
73.51,8.7,60.91,6.67,12.27,4,299,17,380.33,85.09,A,pompe,1
67.24,0.6,16.32,4.02,15.03,12,288,6,611.82,41.71,B,pompe,0
82.68,8.97,68.64,3.96,9.5,3,462,2,11.64,48.75,,pompe,1
65.49,8.72,55.59,1.62,4.77,19,201,1,12.57,13.41,C,convoyeur,0
90.66,13.16,64.22,8.19,4.68,24,338,0,415.76,80.37,B,convoyeur,1
41.3,5.22,34.14,3.61,21.62,0,476,4,551.0,97.79,C,compresseur,0
78.31,16.15,18.25,4.1,17.96,2,4,5,288.37,43.5,C,convoyeur,1
77.73,4.01,57.98,3.71,1.91,18,129,7,651.6,86.79,A,compresseur,1
57.43,1.79,63.11,9.01,15.6,16,338,16,309.92,26.69,A,pompe,0
50.72,10.8,12.44,7.81,8.96,1,115,14,779.21,84.75,A,pompe,0
40.33,7.27,91.55,2.8,12.68,22,448,15,218.61,57.4,C,compresseur,0
76.07,0.42,20.68,4.42,3.44,21,455,3,510.99,77.89,B,pompe,0
44.76,7.07,47.34,8.8,15.13,,134,13,159.15,37.74,C,convoyeur,0
49.23,12.18,39.14,8.27,12.98,9,433,9,139.22,15.09,C,convoyeur,0
68.82,0.91,84.0,1.53,17.31,13,25,13,675.12,18.08,C,compresseur,0
67.82,13.19,39.1,1.04,2.44,0,605,8,840.72,18.09,A,pompe,1
53.67,"17,16",85.92,2.94,13.18,NA,706,2,26.2,3.04,B,compresseur,1
74.96,5.04,48.74,4.19,16.68,1,595,6,791.43,30.97,A,compresseur,1
72.23,17.52,37.86,1.0,7.24,19,649,13,13.43,49.58,B,convoyeur,1
65.35,1.45,20.34,8.55,1.96,21,27,1,271.45,70.12,B,pompe,0
55.51,17.88,49.11,1.69,1.95,10,727,13,791.36,14.56,B,compresseur,1
41.64,2.12,87.91,1.52,2.9,16,608,11,819.11,32.58,B,convoyeur,0
68.14,10.58,46.07,9.37,2.96,22,723,13,575.28,77.16,A,pompe,1
94.46,13.42,49.34,1.33,7.4,14,116,11,325.42,64.0,C,compresseur,1
60.95,7.4,22.73,2.76,14.37,14,369,5,758.59,82.62,C,convoyeur,0
71.45,6.55,65.75,1.62,9.8,16,669,6,306.64,29.07,C,pompe,1
64.99,16.82,35.73,9.27,4.05,7,240,5,323.39,30.88,C,pompe,1
36.9,15.48,85.77,6.01,11.82,1,693,0,591.36,84.21,A,compresseur,0
42.75,5.09,14.34,3.45,10.65,24,514,1,329.03,24.45,A,compresseur,0
92.67,5.33,23.59,2.98,8.77,8,172,11,752.96,82.83,B,convoyeur,1
36.43,5.61,35.81,8.69,11.71,24,108,18,489.98,73.44,A,compresseur,0
58.14,16.09,31.85,3.92,17.05,16,635,16,404.89,31.93,C,convoyeur,1
82.75,17.57,46.1,4.75,125.58,14,485,18,230.59,2.72,B,pompe,1
86.03,2.17,62.43,7.65,13.18,6,241,16,443.32,78.48,B,pompe,1
69.92,3.44,19.31,3.75,14.79,8,103,5,675.51,60.57,A,pompe,0
52.11,17.04,36.17,7.61,17.18,16,74,17,200.66,31.45,B,convoyeur,0
43.97,3.96,79.46,5.31,21.55,8,158,16,770.09,84.47,A,pompe,0
41.8,9.39,25.29,8.14,19.4,14,33,15,140.14,94.45,A,convoyeur,0
83.13,8.57,28.65,5.75,17.2,18,714,16,811.6,33.51,B,pompe,1
61.07,11.92,44.52,3.43,18.3,9,26,3,481.14,67.95,C,compresseur,0
36.23,8.93,89.18,8.98,1.11,9,472,5,381.76,90.06,A,compresseur,0
83.81,1.03,13.51,3.92,21.58,5,488,0,28.6,90.63,C,pompe,0
67.32,14.51,87.75,9.33,12.34,11,76,9,200.98,72.26,B,compresseur,1
41.55,16.69,68.54,7.45,20.47,24,646,8,434.54,90.74,B,compresseur,0
61.46,17.99,26.48,3.65,20.96,18,469,14,795.93,93.83,B,pompe,1
60.41,11.68,37.21,2.53,6.78,4,339,17,702.49,2.46,C,convoyeur,0
68.43,13.88,49.55,4.68,14.31,14,535,3,684.08,14.29,C,compresseur,1
72.89,14.5,82.62,9.31,18.9,8,176,10,369.45,89.54,C,compresseur,1
58.27,15.95,37.0,8.18,16.54,17,262,0,546.43,42.33,A,convoyeur,1
71.2,6.09,12.91,1.15,3.98,3,593,9,123.97,7.52,B,compresseur,0
49.95,6.12,61.07,8.41,11.25,25,381,18,624.63,84.45,C,pompe,0
60.04,3.99,21.02,7.95,13.35,1,516,13,404.87,44.5,A,compresseur,0
75.01,15.29,81.92,4.01,16.81,21,50,1,322.39,80.34,B,convoyeur,1
55.98,14.99,25.64,6.03,2.45,0,157,13,599.74,70.73,B,pompe,0
76.78,13.8,21.06,8.2,21.51,6,725,0,202.14,0.92,B,compresseur,1
55.07,0.3,18.79,3.32,7.17,16,416,5,175.27,24.74,B,pompe,0
83.53,13.69,52.6,5.56,9.78,13,637,3,377.83,60.51,B,convoyeur,1
38.77,15.25,19.14,1.01,20.8,15,694,1,533.58,86.39,B,pompe,0
64.11,7.01,78.0,5.41,3.73,24,688,18,515.27,13.58,C,compresseur,0
51.44,15.42,82.12,1.54,19.56,2,643,1,384.47,76.87,B,convoyeur,0
59.78,17.34,79.29,7.45,14.7,3,502,13,718.97,92.78,B,compresseur,1
88.82,1.56,13.28,4.74,17.13,14,232,5,93.7,31.16,C,compresseur,1
48.13,13.24,45.75,8.65,14.44,14,260,7,68.46,87.32,B,pompe,0
89.18,3.62,60.45,9.2,2.08,14,480,4,316.6,42.54,B,convoyeur,1
87.5,17.7,62.4,4.38,3.09,22,295,8,342.21,56.7,B,compresseur,1
81.83,15.38,59.17,4.58,6.67,12,627,13,239.76,49.92,B,pompe,1
92.05,13.01,69.76,1.26,3.67,5,716,15,97.98,0.85,B,convoyeur,1
38.85,5.11,38.61,3.15,4.91,23,250,9,164.94,48.9,B,pompe,0
67.81,15.8,74.5,1.68,6.54,21,519,9,207.15,60.2,B,convoyeur,1
53.17,17.04,44.74,4.63,17.21,5,549,12,434.69,99.15,A,pompe,0
76.56,6.92,80.74,5.46,16.99,10,618,4,25.68,54.9,A,pompe,1
89.48,9.25,11.05,7.64,15.88,8,423,8,145.93,51.55,C,pompe,1
82.99,16.96,81.9,3.94,12.82,19,84,13,481.11,13.41,A,compresseur,1
55.64,1.1,27.14,8.2,2.48,2,660,16,124.72,35.38,B,pompe,0
84.28,4.02,38.39,9.35,15.13,17,669,2,697.34,23.05,C,compresseur,1
45.77,14.17,54.98,5.26,15.56,10,602,7,624.13,91.73,C,convoyeur,0
83.21,4.31,16.88,2.44,19.43,5,123,11,232.21,62.36,A,compresseur,1
66.8,0.97,31.17,7.8,5.42,0,565,5,664.63,12.18,B,pompe,0
44.1,17.04,88.45,3.01,15.76,7,107,12,619.63,92.01,A,compresseur,0
37.38,8.62,13.46,7.7,0.84,21,303,1,796.22,80.8,A,convoyeur,0
71.06,5.29,25.18,2.94,17.73,2,592,0,110.66,37.86,A,convoyeur,0
61.11,2.16,64.82,6.59,7.59,20,727,2,713.49,76.77,A,convoyeur,0
41.9,15.76,42.43,2.02,1.41,12,346,12,44.41,58.33,C,compresseur,0
65.39,16.94,42.78,1.03,11.77,22,149,11,19.12,94.02,C,pompe,1
50.16,14.2,24.35,4.62,14.65,25,29,16,305.59,34.85,C,pompe,0
92.31,17.9,34.32,5.8,3.37,15,245,12,598.42,11.84,A,compresseur,1
87.95,2.96,48.83,8.08,8.01,20,373,8,308.06,98.32,B,NA,1
64.66,9.32,64.41,8.48,19.41,17,365,2,727.14,53.31,A,pompe,1
94.51,14.05,53.31,3.06,16.63,12,656,8,336.42,10.21,A,compresseur,1
72.52,7.67,25.22,4.91,10.09,15,254,18,137.24,20.3,B,compresseur,1
90.95,14.88,23.23,2.16,21.63,1,623,17,683.44,58.82,A,convoyeur,1
61.89,6.6,90.44,4.07,20.68,20,599,8,350.92,5.21,C,pompe,0
92.36,5.28,89.8,5.26,1.81,5,3,18,530.72,78.54,C,pompe,1
50.96,11.2,23.32,2.39,9.43,4,342,4,767.09,74.01,A,pompe,0
88.74,17.05,65.04,0.93,0.92,3,719,7,483.14,94.69,B,compresseur,1
66.9,7.11,764.68,8.78,9.73,3,638,1,508.89,23.72,B,pompe,1
64.0,4.59,62.63,6.85,12.59,5,689,17,188.78,35.52,C,compresseur,0
47.36,11.79,12.62,8.43,8.42,6,384,0,54.91,40.79,A,convoyeur,0
42.95,4.31,25.53,9.0,18.55,16,336,2,785.11,88.61,A,pompe,0
85.83,9.81,36.4,8.02,16.67,8,383,6,663.94,56.95,A,pompe,1
49.81,7.44,37.79,7.39,15.87,23,152,0,285.2,15.97,A,convoyeur,0
52.39,8.13,,5.21,5.47,13,5,13,39.22,90.94,A,compresseur,0
84.38,8.01,69.98,6.87,7.15,4,446,14,358.65,96.42,A,compresseur,1
56.48,2.09,34.24,,9.3,1,297,0,538.61,97.86,B,compresseur,0
78.87,0.27,31.66,9.34,5.21,20,358,1,832.32,92.01,B,compresseur,0
51.87,5.53,64.2,1.9,21.96,22,444,7,336.39,84.06,C,pompe,0
55.36,6.33,13.26,1.62,12.98,16,377,0,438.64,44.65,B,compresseur,0
77.19,1.6,15.68,5.93,12.7,13,722,17,89.28,0.37,C,compresseur,0
92.69,8.47,18.87,3.52,14.19,2,118,12,443.6,78.13,C,compresseur,1
41.81,17.01,82.79,6.47,13.52,4,272,15,231.24,47.92,C,compresseur,0
82.32,16.44,41.13,5.49,16.48,11,391,6,549.86,444.66,C,pompe,1
55.65,7.39,54.85,4.51,15.41,2,27,13,47.84,64.86,C,compresseur,0
91.66,9.61,64.93,1.08,3.46,11,525,17,310.48,94.73,B,pompe,1
81.38,0.49,44.55,9.12,15.04,4,332,12,523.8,52.71,B,convoyeur,1
76.84,11.8,77.2,1.42,9.76,20,51,9,550.12,63.02,C,convoyeur,1
62.41,8.19,48.39,2.45,17.09,17,450,4,600.65,70.63,C,compresseur,0
87.62,9.72,47.81,6.93,3.58,14,120,12,798.54,51.61,C,convoyeur,1
48.82,1.31,,2.38,7.5,20,578,8,804.8,57.47,C,pompe,0
87.8,17.97,39.46,9.28,4.16,20,19,10,674.3,1.21,A,compresseur,1
67.1,8.1,70.42,5.16,17.11,0,551,7,625.37,22.62,B,compresseur,1
65.2,8.31,15.45,4.25,5.42,19,698,15,171.24,19.0,B,convoyeur,0
66.86,15.95,22.25,1.57,12.42,20,391,4,644.69,11.41,B,convoyeur,1
63.86,1.11,62.33,8.2,12.62,0,488,2,79.35,99.9,A,convoyeur,0
44.35,18.18,26.58,6.52,14.48,22,578,18,676.09,73.78,C,pompe,0
37.97,0.33,15.38,1.15,7.08,6,502,10,534.13,68.96,B,convoyeur,0
75.97,17.62,76.91,1.33,7.62,13,515,15,329.79,67.17,C,pompe,1
44.97,8.93,42.89,1.03,19.25,20,405,0,135.24,27.52,A,convoyeur,0
44.07,14.28,45.27,2.69,2.74,5,592,3,629.46,51.76,B,compresseur,0
73.01,16.06,22.19,2.97,13.13,20,475,8,179.98,29.45,C,NA,1
57.63,11.74,46.98,0.97,5.27,22,360,2,419.12,52.96,B,compresseur,0
82.59,9.61,90.67,8.61,9.51,10,"91,00",12,366.18,64.97,B,,1
62.4,5.26,26.91,,7.36,3,239,10,87.85,2.41,C,pompe,0
52.66,7.57,87.14,4.61,18.6,0,428,15,385.23,82.13,B,compresseur,0
87.42,16.18,27.87,3.68,7.38,3,520,8,501.98,52.58,B,pompe,1
66.75,0.59,20.66,8.78,4.63,11,175,14,582.78,30.32,B,pompe,0
42.56,4.58,72.36,1.08,9.6,11,415,15,367.3,58.97,A,convoyeur,0
48.83,10.31,84.26,6.49,18.89,9,635,1,785.75,74.52,C,compresseur,0
56.28,9.13,10.66,2.88,10.36,19,164,13,384.64,3.38,A,pompe,0
57.16,9.27,78.32,2.1,11.77,16,370,5,36.45,70.99,B,pompe,0
51.35,16.01,71.27,5.75,16.15,15,611,15,429.89,28.98,A,pompe,0
58.36,4.01,84.63,9.06,11.6,2,669,5,794.23,36.21,A,compresseur,0
42.03,10.72,59.76,6.21,9.05,16,720,15,580.62,17.5,B,compresseur,0
80.31,10.56,47.29,6.25,15.21,15,704,8,528.86,44.5,C,convoyeur,1
39.55,12.9,83.67,6.01,16.37,25,621,0,562.78,"62,41",A,pompe,0
67.48,,10.54,8.78,18.96,7,13,3,372.22,60.25,C,compresseur,0
81.69,0.14,54.09,7.3,2.68,10,573,12,281.86,82.35,B,compresseur,1
74.16,12.43,82.69,9.08,20.07,24,532,7,293.18,4.34,B,compresseur,1
49.53,3.15,72.6,4.6,8.18,25,484,5,516.38,47.47,B,compresseur,0
57.25,7.86,11.44,8.71,10.86,9,452,12,275.64,5.77,B,convoyeur,0
57.38,15.95,46.28,5.17,4.59,25,99,2,713.34,84.79,C,compresseur,1
64.32,17.14,12.77,8.28,17.3,0,367,0,609.0,NA,B,compresseur,1
82.57,8.81,17.7,6.76,3.44,18,541,13,262.28,98.18,B,pompe,1
60.71,14.93,31.5,7.49,20.57,23,554,9,129.44,88.85,C,compresseur,1
51.97,7.84,49.68,1.8,19.55,3,15,12,764.85,61.05,A,compresseur,0
80.65,13.19,88.36,7.65,8.5,13,705,18,606.06,54.97,C,compresseur,1
63.35,3.64,39.57,2.51,13.38,24,188,9,352.98,86.09,C,convoyeur,0
70.67,16.73,87.24,1.16,9.72,10,563,15,799.05,85.23,B,convoyeur,1
38.85,4.68,72.09,3.55,17.59,18,430,6,414.44,1.09,B,compresseur,0
42.12,7.46,41.88,4.91,3.31,12,446,4,363.99,13.67,A,convoyeur,0
59.86,16.16,16.52,8.39,79.06,10,700,14,407.03,13.25,C,pompe,1
39.96,1.18,25.24,2.81,0.72,21,549,6,105.31,22.53,B,pompe,0
71.62,7.86,90.22,2.76,7.88,15,703,10,773.4,73.18,B,compresseur,1
39.49,5.48,75.02,29.34,0.5,2,52,5,410.35,43.13,A,compresseur,0
42.07,2.16,23.43,8.37,0.91,15,161,9,691.41,76.86,A,pompe,0
53.78,12.16,55.59,4.77,20.16,1,159,1,249.91,67.64,A,compresseur,0
79.08,15.41,90.69,3.45,14.39,5,256,NA,99.85,15.04,A,pompe,1
51.1,12.71,84.92,9.47,20.78,13,50,14,247.78,17.21,C,convoyeur,0
54.0,6.76,20.63,8.59,6.27,6,334,,289.0,63.64,C,convoyeur,0
48.21,12.39,61.51,5.27,20.04,10,139,4,337.65,10.79,B,compresseur,0
56.14,15.85,47.74,9.03,1.87,19,38,18,745.18,30.76,A,compresseur,1
44.33,6.21,83.62,1.14,19.99,8,513,8,461.22,82.21,A,compresseur,0
83.45,3.34,29.32,3.82,9.45,11,546,17,222.33,54.16,C,convoyeur,1
73.27,1.49,48.59,4.74,9.56,9,504,14,720.17,85.83,C,compresseur,0
93.56,8.33,73.36,8.06,10.66,16,418,10,300.43,23.03,A,pompe,1
66.08,6.94,30.89,9.45,4.93,8,461,9,705.18,19.93,C,compresseur,0
77.85,4.3,25.96,7.9,17.3,18,602,14,602.65,48.05,C,convoyeur,1
67.15,17.0,17.44,1.77,20.8,5,522,3,501.52,90.41,B,convoyeur,1
84.8,12.93,14.08,6.62,7.12,6,58,13,806.75,40.48,A,pompe,1
50.13,2.71,76.67,8.42,12.91,4,111,2,737.15,50.79,A,pompe,0
35.11,0.41,77.49,4.61,4.75,6,434,11,198.42,26.38,B,compresseur,0
81.18,4.12,33.87,7.44,16.18,16,224,5,326.24,5.34,A,convoyeur,1
61.17,13.71,20.95,6.71,0.74,9,152,16,221.05,7.83,B,convoyeur,0
47.89,16.67,62.84,5.26,15.02,22,491,15,48.29,39.86,A,pompe,0
42.23,12.47,65.44,1.12,15.65,13,321,12,161.67,86.95,A,compresseur,0
69.87,14.31,11.08,2.99,4.67,,95,0,247.94,28.48,A,pompe,1
70.21,18.26,75.39,3.96,20.8,11,173,9,637.21,14.37,C,convoyeur,1
39.37,6.82,44.1,7.26,11.62,24,612,7,282.0,94.84,A,pompe,0
48.47,7.13,12.99,4.34,2.59,12,29,18,207.71,46.96,A,convoyeur,0
67.31,11.37,82.4,3.3,9.0,7,155,0,263.25,16.52,B,convoyeur,1
58.16,8.55,18.52,8.66,13.02,5,425,1,101.82,2.43,B,convoyeur,0
65.05,10.96,47.54,5.78,6.95,0,415,0,58.54,66.18,C,pompe,1
36.44,13.01,63.91,7.99,16.15,15,695,15,98.51,14.34,C,convoyeur,0
88.9,,65.91,3.36,8.27,4,488,14,372.83,95.33,C,pompe,1
83.15,9.23,36.45,3.43,3.95,12,459,17,165.92,0.92,C,compresseur,1
60.45,5.33,79.56,2.13,3.37,23,430,5,573.45,80.37,C,pompe,0
42.76,7.11,74.0,6.96,14.44,12,459,17,652.87,17.84,A,compresseur,0
45.66,15.0,19.67,4.38,16.37,7,508,0,429.96,2.41,B,convoyeur,0
85.39,14.55,78.38,7.07,8.72,2,385,0,822.11,24.84,C,pompe,1
55.74,3.13,15.89,5.69,5.48,5,,12,215.51,71.61,C,compresseur,0
55.55,16.78,63.34,9.3,1.27,5,206,5,315.8,55.44,B,convoyeur,1
71.62,12.21,69.91,5.41,16.29,"20,00",256,18,422.54,22.09,A,convoyeur,1
68.87,,64.89,6.89,19.15,5,620,4,167.59,29.43,B,compresseur,1
76.81,9.88,83.92,6.5,19.46,22,365,14,806.8,13.24,C,convoyeur,1
58.04,4.39,56.63,1.15,3.59,8,594,3,179.64,40.11,C,compresseur,0
37.26,0.35,28.34,8.33,11.47,7,609,10,412.65,6.27,C,compresseur,0
56.37,17.86,82.66,8.77,19.55,24,328,17,440.28,25.12,A,pompe,1
69.83,6.38,36.82,5.04,7.66,23,146,10,450.78,8.47,C,convoyeur,0
65.45,11.68,27.51,3.82,15.92,13,434,5,784.28,7.83,C,pompe,1
73.17,0.63,25.11,1.84,16.86,2,516,1,210.55,47.0,A,pompe,0
41.95,17.4,44.41,7.15,2.13,7,451,16,649.38,91.53,C,pompe,0
35.68,7.47,21.16,9.2,7.01,3,32,17,69.97,,C,pompe,0
41.19,18.44,69.53,3.27,8.69,14,380,11,599.73,43.28,C,compresseur,0
72.94,17.36,91.56,8.21,21.06,21,418,7,170.49,26.52,C,compresseur,1
43.16,10.13,10.82,5.77,8.81,16,94,11,439.98,59.4,B,convoyeur,0
79.0,16.71,39.6,6.52,19.38,25,400,14,368.16,51.81,B,compresseur,1
71.46,8.37,29.37,2.43,8.1,9,432,17,738.47,8.41,C,pompe,1
67.43,15.75,52.31,7.36,5.16,12,617,4,53.39,61.49,C,convoyeur,1
83.48,9.18,70.17,5.83,10.51,22,343,17,405.53,31.87,A,pompe,1
83.69,7.22,71.62,8.28,19.89,2,711,4,689.93,3.46,B,compresseur,1
46.1,4.53,33.91,6.46,3.99,3,527,18,26.42,83.94,C,compresseur,0
57.73,7.5,44.99,5.35,14.71,18,577,9,535.24,66.46,B,pompe,0
36.78,2.58,26.5,5.42,16.95,0,564,14,362.47,97.37,B,convoyeur,0
88.59,17.19,54.79,9.5,21.87,18,106,17,285.1,6.89,A,convoyeur,1
66.99,6.6,60.61,2.86,21.3,6,498,0,442.66,23.28,C,pompe,0
71.15,6.42,16.72,1.5,14.32,2,187,13,373.13,63.34,B,pompe,0
79.01,17.15,38.8,6.02,13.28,16,688,3,713.9,74.36,C,convoyeur,1
52.66,17.42,"38,66",4.86,20.92,16,198,10,792.53,7.08,C,pompe,0
37.45,5.55,24.64,8.33,10.09,18,463,9,290.74,24.49,B,compresseur,0
57.68,0.93,70.64,4.54,1.87,8,700,13,150.4,44.62,A,convoyeur,0
49.84,3.01,75.82,0.99,11.27,11,303,13,657.76,63.54,A,compresseur,0
90.93,17.46,34.08,5.65,15.14,24,92,17,656.48,13.42,A,convoyeur,1
65.47,1.11,68.47,3.95,20.64,5,393,1,22.74,68.82,B,pompe,0
68.95,7.69,55.84,1.77,5.24,20,532,7,442.56,34.97,B,compresseur,1
64.53,5.02,85.81,2.19,2.82,6,452,9,731.32,17.1,C,convoyeur,0
63.07,12.4,60.3,2.82,11.45,12,372,18,192.84,21.25,A,convoyeur,1
93.34,10.93,28.76,9.16,10.64,2,634,4,467.85,94.06,B,pompe,1
77.16,3.79,36.27,6.54,13.76,1,693,17,321.63,44.16,A,pompe,1
42.59,12.02,NA,8.76,15.6,18,101,15,115.46,50.88,A,convoyeur,0
70.66,17.85,87.04,7.71,14.97,11,454,1,671.66,73.5,C,compresseur,1
56.66,15.72,67.15,3.8,10.74,3,437,5,93.05,90.65,C,convoyeur,1
83.59,1.26,37.1,3.74,17.24,20,410,12,532.91,3.63,C,pompe,1
89.65,17.74,90.38,3.02,21.22,24,500,2,44.54,65.77,A,convoyeur,1
72.83,14.42,37.44,2.08,13.91,13,90,5,763.15,21.5,B,compresseur,1
45.15,6.02,63.72,0.96,21.04,5,720,3,440.59,88.29,C,compresseur,0
88.69,15.53,22.54,8.75,18.54,1,437,8,762.21,3.11,A,convoyeur,1
60.61,1.76,30.67,5.27,6.4,13,717,2,343.81,96.27,C,compresseur,0
81.64,16.02,91.72,8.17,16.49,5,559,16,79.99,4.63,C,pompe,1
42.63,14.39,74.31,6.29,11.77,25,204,7,426.38,95.65,C,compresseur,0
48.19,4.6,76.79,6.59,9.51,12,15,16,638.07,44.45,B,compresseur,0
94.97,3.84,15.07,1.47,14.16,14,77,16,637.24,227.98,B,convoyeur,1
43.74,11.11,56.94,5.33,5.01,14,673,14,571.99,70.87,C,pompe,0
70.14,14.19,62.25,7.91,20.85,0,265,12,560.63,72.08,B,compresseur,1
42.56,12.94,16.27,8.78,9.39,20,293,8,140.41,27.25,A,convoyeur,0
75.03,16.32,66.38,5.47,4.59,13,410,0,832.98,47.17,A,convoyeur,1
77.49,15.09,64.94,8.53,11.99,16,213,11,496.95,38.74,B,compresseur,1
85.83,13.14,20.69,5.43,12.93,5.38,398,11,73.81,71.32,C,convoyeur,1
38.99,5.66,56.51,2.32,4.72,16,383,2,599.59,84.16,B,convoyeur,0
67.32,11.32,20.78,4.94,19.98,25,48,4,603.65,96.67,A,convoyeur,1
42.36,17.5,44.44,2.06,21.13,9,36,17,341.43,15.63,C,compresseur,0
82.48,2.27,58.89,1.5,16.19,22,15,7,392.36,78.94,A,compresseur,1
69.75,6.75,73.4,5.14,20.89,7,16,18,72.52,25.64,A,pompe,1
38.41,8.53,79.19,8.36,9.24,23,220,13,723.38,32.98,B,convoyeur,0
82.35,5.84,38.48,4.21,18.44,8,365,10,658.26,96.46,A,compresseur,1
66.8,1.39,17.25,5.13,6.93,14,316,16,510.93,94.74,B,convoyeur,0
78.93,11.91,56.11,5.93,15.62,24,285,15,583.42,48.22,B,convoyeur,1
71.24,12.52,23.11,0.98,13.01,3,562,11,698.96,65.19,B,pompe,1
64.74,13.14,30.76,9.48,7.99,23,197,14,541.08,35.31,C,pompe,1
82.14,14.07,10.88,8.22,16.45,4,487,2,148.24,64.44,B,pompe,1
64.14,8.92,75.18,8.49,6.55,23,381,10,920.46,93.1,B,convoyeur,1
58.02,2.0,25.52,5.19,21.55,16,84,5,628.21,60.75,C,pompe,0
42.63,3.04,21.27,3.76,18.27,9,119,4,14.82,31.71,A,convoyeur,0
67.41,15.83,16.66,4.79,5.24,20,518,3,515.76,61.26,A,convoyeur,1
68.7,13.38,23.53,8.13,20.92,4,305,17,385.56,41.04,A,compresseur,1
87.34,7.11,25.84,3.65,19.59,1,481,7,739.01,47.66,C,compresseur,1
90.59,4.19,35.24,9.09,12.8,14,285,5,73.29,42.24,A,compresseur,1
56.55,3.39,70.21,3.67,4.04,12,116,8,703.29,91.59,B,compresseur,0
93.39,10.69,70.98,4.2,5.83,25,205,18,42.97,86.7,A,pompe,1
85.71,0.53,44.71,9.13,10.51,13,192,6,450.23,20.84,A,pompe,1
81.18,11.46,81.5,1.75,20.31,19,441,10,53.18,94.68,C,pompe,1
86.51,17.26,14.0,4.82,20.77,7,637,1,714.71,44.17,B,convoyeur,1
68.01,12.05,43.72,9.22,7.32,20,235,10,183.68,0.93,B,compresseur,1
63.15,8.86,71.5,2.82,14.68,12,482,16,693.25,50.4,A,pompe,0
77.93,3.15,66.56,4.06,16.58,12,716,5,608.58,18.73,A,convoyeur,1
82.76,3.01,88.73,8.98,18.96,17,217,13,662.3,53.53,B,compresseur,1
66.9,16.69,39.49,8.11,12.46,10,155,3,442.29,38.57,A,convoyeur,1
73.71,10.92,72.59,1.61,16.12,17,95,16,465.46,0.2,C,pompe,1
63.24,11.82,70.45,9.27,4.87,22,38,16,566.34,10.41,C,convoyeur,1
88.79,5.61,42.9,2.24,2.04,9,392,13,342.82,33.8,B,convoyeur,1
86.42,1.49,68.28,8.61,16.84,21,703,4,773.25,51.68,C,compresseur,1
83.35,15.2,32.9,5.0,8.1,9,123,18,188.03,88.99,C,compresseur,1
73.59,9.07,15.26,1.87,3.16,19,725,1,651.68,13.99,A,compresseur,1
48.07,9.16,54.47,5.3,2.28,17,302,16,6046.38,63.0,C,pompe,0
47.98,6.86,35.0,9.0,20.75,5,140,8,683.89,96.78,B,pompe,0
80.02,13.44,82.04,7.28,1.57,12,443,16,384.48,94.93,B,pompe,1
80.5,18.26,79.49,4.76,18.33,11,597,7,466.24,69.52,B,pompe,1
,16.6,25.53,1.99,9.24,15,60,11,136.44,49.85,A,compresseur,1
49.85,0.71,51.81,4.23,4.09,18,492,15,241.3,55.29,B,convoyeur,0
54.37,5.28,56.33,1.07,19.37,18,397,8,645.8,18.85,A,compresseur,0
66.97,14.83,16.38,3.28,21.27,24,530,16,558.22,29.88,A,convoyeur,1
80.31,15.86,81.39,3.3,4.46,20,667,11,408.53,89.11,B,compresseur,1
86.87,4.37,47.23,8.75,5.6,15,131,5,115.85,91.16,A,compresseur,1
38.17,1.86,40.56,4.89,11.97,25,389,0,577.49,64.54,A,convoyeur,0
38.37,9.2,85.14,3.15,14.81,13,257,17,787.46,73.6,C,pompe,0
38.41,14.57,26.81,1.53,8.06,11,258,6,327.73,88.79,A,compresseur,0
69.79,5.82,33.27,4.76,2.71,16,150,17,751.81,59.41,B,compresseur,0
62.86,10.08,31.81,7.19,9.38,6,545,14,158.55,55.21,A,compresseur,0
40.18,10.41,15.61,7.82,18.36,24,295,15,NA,94.46,C,convoyeur,0
53.97,2.72,71.9,9.4,16.81,16,173,8,443.19,51.25,B,compresseur,0
71.06,NA,28.86,6.67,5.34,7,712,5,798.05,66.51,A,convoyeur,1
69.03,11.75,42.94,4.46,21.19,13,273,8,830.33,86.18,C,convoyeur,1
47.13,9.37,12.26,1.99,11.16,18,463,14,91.27,24.34,A,convoyeur,0
63.16,7.18,88.1,7.24,10.76,13,380,10,137.89,7.9,C,pompe,0
51.74,9.54,74.69,3.4,18.58,25,632,3,398.35,24.29,C,pompe,0
86.14,14.04,78.65,6.33,17.51,6,546,15,501.2,27.76,B,convoyeur,1
46.65,12.53,56.52,7.07,10.66,19,161,8,28.47,53.73,A,compresseur,0
74.15,13.82,62.0,3.84,15.08,6,52,17,684.87,2.63,C,compresseur,1
53.25,8.71,46.23,6.73,11.55,10,158,"12,00",24.06,52.82,B,pompe,0
57.54,4.47,67.77,2.45,17.07,22,493,9,778.94,15.29,A,pompe,0
56.55,5.89,74.67,7.14,7.66,20,213,15,562.15,47.76,B,compresseur,0
38.36,1.97,34.24,8.76,18.58,12,494,4,658.12,93.34,C,convoyeur,0
92.27,11.68,67.4,8.08,15.98,17,276,2,480.29,35.62,A,pompe,1
53.5,2.28,51.75,4.05,7.86,9,12,12,751.53,14.65,C,convoyeur,0
55.82,3.83,60.63,4.72,10.78,1,64,1,132.08,99.76,A,compresseur,0
44.23,0.55,81.26,3.11,21.1,6,94,2,136.96,84.3,A,compresseur,0
74.67,1.43,10.4,5.95,18.13,8,386,11,550.28,92.03,C,pompe,0
68.36,13.4,34.11,2.74,11.57,1,193,0,456.98,39.55,C,compresseur,1
52.59,10.79,41.38,6.36,18.15,20,436,10,633.23,37.85,C,convoyeur,0
69.91,10.29,46.0,8.25,11.55,20,673,9,655.68,81.61,A,convoyeur,1
61.4,17.84,39.93,6.06,8.45,20,438,10,519.43,30.59,B,compresseur,1
58.73,3.72,42.21,2.39,14.14,12,618,8,720.61,29.9,A,compresseur,0
94.64,11.9,70.92,7.01,7.92,4,665,6,177.62,18.28,B,compresseur,1
75.39,13.29,36.29,8.24,19.39,11,717,18,715.55,76.89,B,compresseur,1
41.3,14.26,64.51,6.72,18.66,20,51,13,752.5,44.36,A,compresseur,0
79.92,3.94,42.73,3.4,7.93,19,667,14,112.65,58.43,A,convoyeur,1
39.92,0.73,29.68,9.39,18.42,24,84,5,656.78,59.41,C,pompe,0
91.54,8.75,41.3,7.94,19.22,19,552,7,342.6,34.57,C,compresseur,1
52.9,14.76,26.31,6.11,6.68,12,221,18,296.77,28.49,A,compresseur,0
36.91,2.64,80.32,6.61,NA,1,99,7,254.3,31.92,C,compresseur,0
52.76,3.69,31.51,"3,53",11.94,15,108,13,103.65,37.22,C,convoyeur,0
80.44,15.75,71.18,7.34,19.27,4,174,12,4002.04,82.54,A,convoyeur,1
41.87,2.14,73.31,6.64,0.78,5,533,4,329.59,24.34,B,pompe,0
60.74,1.93,56.03,2.35,1.23,10,129,3,90.89,43.17,A,convoyeur,0
84.29,6.54,60.59,3.7,1.55,21,329,0,564.83,67.01,A,compresseur,1
79.93,0.52,26.6,2.77,15.31,24,150,0,516.1,54.05,A,pompe,0
50.29,2.22,68.75,7.97,2.32,14,330,9,433.16,92.46,A,pompe,0
65.34,15.99,45.59,9.06,17.06,20,595,7,430.94,5.86,C,pompe,1
38.23,11.03,51.61,8.51,15.94,9,474,3,271.88,62.6,C,convoyeur,0
39.63,17.66,29.08,5.58,18.48,23,498,0,763.86,77.14,A,compresseur,0
88.8,9.55,65.09,4.0,1.42,16,414,14,674.71,12.99,A,compresseur,1
45.23,12.94,33.53,8.45,8.68,10,150,7,596.6,28.32,A,pompe,0
37.54,5.37,64.9,7.36,17.59,22,260,8,601.96,24.29,B,pompe,0
92.96,17.6,41.2,6.61,15.07,9,720,2,NA,84.62,A,convoyeur,1
69.39,15.84,15.12,2.34,8.74,2,369,0,392.45,76.0,A,pompe,1
68.12,2.42,90.92,9.29,20.28,16,334,1,746.54,56.79,C,pompe,0
91.45,6.6,91.4,6.65,3.94,7,379,5,409.81,83.57,A,convoyeur,1
81.15,8.73,21.44,2.86,0.74,15,87,15,352.56,13.72,A,pompe,1
58.54,18.42,77.35,3.37,16.54,2,563,16,550.09,99.64,B,compresseur,1
44.88,16.55,73.84,8.52,4.91,7,155,NA,677.93,77.71,B,compresseur,0
40.69,0.33,51.89,2.05,16.95,17,630,10,153.23,75.88,A,compresseur,0
52.15,10.89,55.5,6.82,3.93,14,366,5,29.76,34.73,A,compresseur,0
51.4,8.7,84.55,2.52,8.03,0,497,13,409.52,11.72,C,convoyeur,0
81.14,6.95,81.62,6.37,0.99,0,81,5,827.82,27.7,B,pompe,1
65.95,3.24,46.6,4.49,11.06,3,3,1,398.94,71.3,A,pompe,0
49.3,2.46,10.78,2.09,13.7,5,232,15,167.31,9.88,C,convoyeur,0
36.5,17.3,30.25,0.98,20.4,21,354,2,642.32,502.79,C,pompe,0
36.43,3.4,80.92,7.27,15.67,1,693,8,452.25,52.86,C,compresseur,0
35.6,0.99,67.1,4.99,1.23,5,166,11,323.08,10.54,A,pompe,0
63.84,9.99,49.77,1.99,14.56,11,645,17,167.52,91.24,B,compresseur,0
54.72,7.96,72.87,8.65,21.71,7,75,4,528.98,53.14,C,convoyeur,0
75.02,17.17,86.64,7.37,18.08,22,242,15,559.27,2.11,A,compresseur,1
43.65,2.44,82.57,1.86,18.95,15,112,16,466.15,68.36,C,pompe,0
39.48,16.04,35.86,5.37,19.79,6,499,10,182.77,56.7,A,convoyeur,0
38.19,13.07,47.37,8.37,20.43,12,327,10,96.68,82.21,A,pompe,0
52.14,11.57,79.55,2.68,12.49,12,233,4,158.72,95.28,B,pompe,0
72.98,9.21,43.49,9.07,15.16,22,68,16,422.92,95.01,A,pompe,1
93.51,13.16,43.94,7.91,8.55,9,191,10,616.41,22.41,C,pompe,1
60.79,6.99,43.87,5.26,6.55,12,480,14,454.16,65.4,B,pompe,0
85.91,7.15,45.88,2.91,9.71,1,640,14,215.12,85.61,B,compresseur,1
82.38,3.86,73.2,1.85,16.55,24,410,0,66.0,76.59,C,compresseur,1
48.02,7.29,86.11,1.11,21.25,11,624,9,573.82,13.34,A,pompe,0
83.25,5.12,60.09,2.94,1.98,24,164,18,209.0,99.02,A,compresseur,1
84.83,9.33,36.0,3.81,19.3,7,354,6,572.57,83.16,A,compresseur,1
82.4,4.34,10.77,9.05,17.86,5,297,12,487.93,85.55,C,compresseur,1
50.38,3.49,19.84,2.13,11.08,18,257,0,622.52,64.04,A,pompe,0
85.25,12.42,33.35,4.48,19.18,13,29,16,671.09,69.91,B,pompe,1
77.84,9.95,18.19,7.3,0.86,4,22,4,585.6,66.94,C,convoyeur,1
88.48,17.35,15.08,1.48,11.63,5,492,7,631.33,43.69,B,convoyeur,1
79.61,11.88,78.71,3.2,20.7,16,504,1,576.19,95.15,A,pompe,1
36.33,17.2,56.04,4.59,13.14,16,446,3,656.51,32.14,B,compresseur,0
61.62,3.25,73.14,2.26,14.66,8,392,17,320.68,64.0,C,convoyeur,0
64.45,5.97,91.96,3.11,16.42,14,631,1,568.66,91.88,C,pompe,0
84.13,11.54,62.56,3.9,16.13,0,128,3,161.07,1.54,C,pompe,1
73.17,4.66,74.92,2.95,19.05,5,556,15,420.47,81.53,C,convoyeur,1
52.76,7.05,78.49,2.61,20.28,0,540,1,717.59,28.83,C,pompe,0
93.32,1.35,74.58,8.18,21.58,12,224,7,599.53,24.02,C,compresseur,1
84.97,8.55,60.62,3.99,18.58,9,70,18,240.0,48.23,A,compresseur,1
93.93,9.09,13.27,4.78,6.45,22,659,14,740.1,25.47,B,pompe,1
35.84,2.12,84.41,7.29,3.52,25,155,6,216.52,98.48,C,convoyeur,0
93.5,9.32,29.24,2.22,6.42,3,150,10,671.75,0.58,C,compresseur,1
89.47,7.87,72.7,3.3,14.63,1,718,7,94.72,40.15,A,convoyeur,1
93.84,14.52,34.17,7.02,7.32,21,234,1,211.34,61.69,C,compresseur,1
40.29,14.74,33.31,3.6,15.21,17,81,6,540.0,6.15,B,pompe,0
50.51,12.29,71.28,1.63,12.13,11,208,5,503.88,27.99,A,pompe,0
50.07,13.89,81.33,2.05,3.45,2,439,0,785.28,44.89,C,compresseur,0
84.05,5.18,69.14,1.74,7.29,12,615,18,556.26,64.28,A,pompe,1
56.88,10.38,70.13,9.19,4.87,12,102,1,378.84,18.76,A,compresseur,0
48.05,2.95,60.74,5.82,17.79,4,601,2,190.23,9.59,A,pompe,0
64.38,16.0,10.51,6.34,6.39,12,146,16,100.28,50.95,A,compresseur,1
58.7,0.12,56.82,6.35,12.43,22,402,13,253.43,8.23,B,pompe,0
89.43,9.4,27.79,8.89,9.94,14,707,10,418.46,69.25,B,pompe,1
64.13,6.49,47.44,3.73,5.83,10,44,1,579.5,94.9,A,compresseur,0
55.63,5.3,32.59,5.19,0.88,8,229,3,789.63,83.26,A,convoyeur,0
55.41,17.88,65.74,1.71,19.91,,80,2,598.37,67.54,C,pompe,1
47.86,6.68,49.02,5.03,4.7,18,198,2,547.47,72.12,A,convoyeur,0
62.25,16.88,33.3,6.24,5.1,"0,00",652,3,576.57,67.17,A,pompe,1
91.84,9.95,52.18,8.33,18.1,2,284,16,585.62,39.6,B,compresseur,1
75.78,13.48,11.9,6.78,7.5,NA,445,2,42.98,17.31,C,convoyeur,1
94.93,17.77,87.15,5.28,15.54,12,395,6,642.6,39.72,A,convoyeur,1
88.12,11.03,41.77,2.23,12.24,2,74,7,28.61,79.23,C,compresseur,1
55.03,4.29,17.17,7.29,9.24,23,5,10,444.95,1.34,A,convoyeur,0
47.6,7.78,43.06,4.55,0.72,22,655,10,515.94,32.44,C,pompe,0
51.41,17.83,82.79,6.46,6.42,24,122,5,558.48,96.14,B,compresseur,1
62.88,2.43,56.18,40.39,20.6,24,507,4,208.18,19.36,A,pompe,0
81.72,7.8,82.09,9.25,21.48,14,82,7,502.24,56.46,A,convoyeur,1
67.42,12.39,37.89,6.24,20.41,2,508,12,537.17,91.37,B,convoyeur,1
51.89,18.01,10.07,5.74,1.85,15,231,16,287.57,42.45,A,pompe,0
60.32,6.3,91.93,3.59,10.17,4,667,0,419.55,70.97,C,pompe,0
41.04,2.68,45.99,8.54,11.38,9,81,8,134.56,18.88,A,pompe,0
64.78,14.93,76.73,5.65,15.46,4,509,3,473.28,24.81,C,pompe,1
77.6,9.55,78.72,8.96,3.64,3,180,5,681.72,38.37,A,compresseur,1
51.42,18.11,90.17,9.18,16.23,20,356,13,112.77,29.45,A,pompe,1
42.3,17.77,19.68,8.55,16.34,16,656,13,299.59,83.11,C,pompe,0
72.61,15.95,73.08,9.46,8.02,3,291,4,384.31,6.1,C,compresseur,1
60.86,6.46,56.41,7.12,12.3,9,497,3,185.16,3.47,C,convoyeur,0
37.37,9.86,59.67,1.69,10.43,12,100,5,403.55,76.96,C,compresseur,0
70.05,4.62,20.09,9.14,106.65,13,641,5,738.28,89.24,A,pompe,0
92.49,11.56,47.75,1.93,0.73,2,564,7,601.67,16.42,A,convoyeur,1
86.5,11.03,,4.42,8.98,23,642,12,323.08,10.19,B,compresseur,1
52.32,15.85,71.4,5.86,6.86,3,337,9,496.71,46.24,B,pompe,0
61.82,8.75,85.48,1.65,5.9,17,83,8,225.42,96.56,C,pompe,0
77.34,7.1,49.56,1.04,14.33,23,58,3,846.65,76.45,C,compresseur,1
72.93,6.86,87.35,1.08,12.43,23,7,15,365.56,53.78,C,compresseur,1
72.52,5.37,81.9,7.04,18.94,4,554,9,591.82,40.22,C,convoyeur,1
55.88,13.86,60.91,1.9,0.92,13,216,2,552.17,23.25,C,compresseur,0
80.65,8.84,45.93,2.2,11.27,6,102,6,149.48,3.46,A,pompe,1
84.57,9.91,84.2,8.8,10.59,3,142,12,500.49,28.05,A,convoyeur,1
61.8,9.58,91.84,6.66,20.69,14,310,10,203.72,47.04,,pompe,1
71.75,15.57,25.73,3.89,15.35,25,426,18,267.07,3.4,C,compresseur,1
45.84,8.81,14.89,3.58,10.97,11,124,18,108.18,61.63,A,convoyeur,0
83.83,11.84,24.71,2.4,12.41,6,607,9,455.93,93.1,A,convoyeur,1
39.2,11.18,24.9,1.12,16.04,18,445,0,3784.95,56.1,B,compresseur,0
93.14,11.9,21.35,0.81,18.39,14,190,2,429.14,77.93,C,pompe,1
92.96,7.7,72.77,5.04,13.84,NA,118,14,639.85,0.43,C,compresseur,1
49.48,12.54,70.66,5.39,6.89,9,217,41.36,139.46,93.36,C,pompe,0
81.13,12.23,70.08,5.76,0.97,18,102,18,798.48,97.61,B,pompe,1
45.85,5.34,43.03,2.16,4.68,7,52,7,146.86,94.5,A,convoyeur,0
50.17,16.93,61.45,6.76,17.27,3,278,16,501.28,49.33,C,pompe,0
57.98,3.51,46.48,4.42,15.84,18,216,8,415.83,94.09,B,compresseur,0
63.82,12.62,91.52,3.64,,6,8,17,291.92,7.65,NA,compresseur,1
NA,2.38,65.46,2.23,14.99,22,670,18,589.28,40.6,A,convoyeur,0
69.28,9.99,74.27,9.17,16.44,3,365,4,,28.94,A,convoyeur,1
56.93,7.59,65.66,2.53,13.51,10,87,17,47.04,5.38,A,convoyeur,0
38.66,6.65,23.99,3.37,21.07,2,66,2,286.45,79.97,A,compresseur,0
86.75,16.85,71.91,2.59,20.56,12,427,9,210.59,3.87,C,compresseur,1
71.71,6.64,33.93,3.0,17.16,5,174,13,619.37,77.58,B,compresseur,0
52.0,16.39,30.97,3.57,19.98,0,455,11,557.93,64.75,A,compresseur,0
39.89,13.89,41.82,6.21,10.72,8,239,6,807.94,10.39,A,convoyeur,0
57.48,1.36,54.93,2.43,8.8,,233,10,620.79,88.68,C,convoyeur,0
67.68,15.34,69.89,4.15,13.65,5,328,2,247.04,49.05,A,convoyeur,1
68.44,2.6,82.85,5.57,17.99,18,141,8,699.65,78.25,C,compresseur,0
74.13,5.45,69.27,2.06,11.23,18,357,9,207.64,9.7,B,pompe,1
90.71,15.08,45.55,4.71,12.87,18,401,4,766.12,52.32,A,convoyeur,1
89.25,6.93,56.91,"1,11",14.12,20,261,4,444.13,86.82,B,convoyeur,1
58.15,3.65,18.51,4.14,3.06,11,273,4,17.01,59.42,C,convoyeur,0
62.95,18.21,18.81,2.88,2.66,10,84,6,635.09,16.22,A,compresseur,1
48.37,9.48,28.47,1.35,10.06,6,618,10,785.82,5.16,C,pompe,0
74.25,5.7,82.49,6.67,6.9,16,701,17,308.78,24.85,B,convoyeur,1
83.76,8.94,50.83,NA,0.8,23,367,1,178.95,8.7,C,pompe,1
45.43,5.32,73.86,6.72,2.7,11,245,16,108.27,2.74,A,pompe,0
40.91,6.91,40.87,9.17,1.51,22,115,9,793.62,91.45,C,pompe,0
59.92,NA,27.26,8.32,19.78,10,235,15,213.13,60.07,B,convoyeur,0
66.84,6.46,16.11,2.4,4.46,3,694,1,180.39,76.27,A,convoyeur,0
37.29,4.66,25.24,4.74,3.21,21,317,0,543.64,61.9,B,pompe,0
63.11,4.86,31.61,4.27,11.56,3,717,15,646.19,13.46,A,compresseur,0
41.59,2.24,NA,3.49,12.27,10,380,12,733.13,71.36,B,compresseur,0
58.64,9.23,44.92,2.62,11.88,11,460,0,595.45,2.62,A,pompe,0
73.67,10.39,51.17,1.33,14.68,2,514,18,398.88,99.62,A,compresseur,1
80.24,17.82,14.19,3.64,14.82,8,391,2,818.27,84.73,C,compresseur,1
76.4,12.06,16.51,6.42,19.77,16,179,1,359.92,47.49,A,convoyeur,1
44.52,3.32,54.04,3.0,9.88,19,470,9,403.92,74.23,C,convoyeur,0
37.29,4.91,52.16,2.49,9.53,15,146,0,,47.59,B,compresseur,0
91.54,8.37,62.92,0.83,2.75,21,714,4,670.75,80.3,NA,pompe,1
85.69,15.43,70.97,8.58,13.88,21,487,15,328.22,21.77,A,compresseur,1
94.59,14.74,29.49,3.44,14.53,10,331,17,80.79,21.2,C,convoyeur,1
85.6,11.36,90.66,4.69,15.17,15,541,0,180.94,46.59,C,pompe,1
52.02,13.62,74.81,3.6,16.66,11,518,8,799.1,14.93,A,pompe,0
88.2,15.09,39.27,4.21,11.27,7,601,17,618.13,60.31,C,pompe,1
68.62,13.06,88.17,7.1,3.12,6,505,18,434.68,76.68,A,pompe,1
88.73,1.67,27.18,8.92,13.57,9,556,15,705.57,80.74,A,pompe,1
61.44,15.56,69.15,6.75,11.25,21,424,17,421.59,13.92,C,pompe,1
69.55,1.17,84.91,5.38,18.83,0,200,4,445.02,32.99,A,convoyeur,0
70.92,17.46,25.14,7.21,9.0,1,499,6,277.37,95.61,B,convoyeur,1
NA,14.96,58.5,7.9,18.4,7,230,9,362.23,55.31,A,convoyeur,1
49.98,4.69,68.82,5.62,4.62,5,688,10,167.48,25.25,A,compresseur,0
66.93,16.8,51.37,8.88,8.1,21,574,16,836.19,37.63,B,convoyeur,1
42.45,18.04,34.62,8.73,10.0,9,31,4,744.51,32.06,B,pompe,0
56.46,8.12,34.5,2.76,16.56,7,642,9,825.64,68.34,B,convoyeur,0
38.28,8.58,74.21,2.13,20.25,4,226,18,665.91,88.37,B,compresseur,0
58.91,0.42,69.34,6.14,5.69,22,42,11,707.18,28.9,A,convoyeur,0
56.61,12.02,40.7,9.49,14.67,9,68,16,613.14,92.46,C,convoyeur,0
63.24,0.59,64.81,1.32,21.17,12,121,0,329.63,79.37,A,pompe,0
43.29,10.06,76.59,8.58,11.57,11,114,6,619.99,50.57,B,convoyeur,0
48.17,12.07,79.89,6.68,15.05,2,480,1,313.8,2.74,B,pompe,0
36.85,4.01,40.5,7.7,0.83,1,228,16,667.03,51.54,C,convoyeur,0
46.41,2.91,33.5,8.27,12.86,21,649,14,153.6,98.74,C,convoyeur,0
38.68,14.49,88.57,37.23,7.54,21,586,9,845.51,84.91,B,compresseur,0
62.89,12.05,76.18,6.64,1.82,15,562,8,461.87,99.0,C,compresseur,1
69.71,8.38,87.61,4.07,5.46,24,327,18,88.25,54.36,C,convoyeur,1
68.59,14.51,71.38,3.06,0.6,2,390,13,460.99,18.69,C,convoyeur,1
68.1,17.8,52.78,3.66,NA,10,515,3,191.69,97.56,C,pompe,1
NA,14.69,23.46,5.39,18.87,1,228,14,160.19,17.32,A,pompe,1
93.28,4.22,90.01,7.7,21.63,2,87,13,411.88,34.1,A,convoyeur,1
54.23,8.14,90.91,1.62,9.84,16,4,5,476.95,81.69,C,pompe,0
69.07,3.47,73.81,2.06,0.83,7,198,6,618.83,92.38,B,compresseur,0
62.88,17.59,75.91,1.41,12.95,22,467,0,646.67,92.09,B,pompe,1
81.36,5.41,53.52,6.08,18.78,22,446,4,743.57,71.51,C,compresseur,1
68.92,11.78,58.97,8.16,1.75,17,330,4,697.06,40.05,C,pompe,1
72.38,13.07,22.08,1.62,10.43,15,720,4,427.35,68.24,C,compresseur,1
43.61,0.79,82.65,1.31,20.01,13,219,9,241.39,55.9,C,compresseur,0
45.66,17.55,32.19,8.19,2.9,17,709,50.03,690.9,25.11,C,compresseur,0
62.14,11.9,45.91,4.14,18.83,25,309,12,593.95,41.4,C,pompe,0
85.25,3.44,19.8,5.8,7.87,2,41,7,,88.02,A,convoyeur,1
55.48,4.68,49.44,2.06,14.18,2,511,1,367.86,34.57,A,compresseur,0
60.01,1.41,42.74,5.46,17.79,16,311,13,376.32,10.49,B,convoyeur,0
86.31,12.37,20.58,4.92,21.11,23,601,9,482.18,85.53,B,pompe,1
76.35,8.61,46.56,2.72,1.07,2,391,17,328.81,17.35,A,compresseur,1
62.58,16.43,32.13,8.19,19.27,5,446,4,26.97,45.7,C,pompe,1
41.22,5.79,88.62,6.66,19.9,7,402,11,443.78,11.61,C,compresseur,0
